child,itemId,Lemma,Singular description,Singular Code,Plural Description,Plural Code,Comments
1e04539d-c09d-4f71-96a4-5e01bb073d67,p1,book,boohi,5,,,
1e04539d-c09d-4f71-96a4-5e01bb073d67,p2,chair,chaiwi,5,,,
1e04539d-c09d-4f71-96a4-5e01bb073d67,p3,coat,co-cot,5,,,
1e04539d-c09d-4f71-96a4-5e01bb073d67,p4,dog,dog-dog,5,,,
1e04539d-c09d-4f71-96a4-5e01bb073d67,1,fork,fok-fok,5,two forks,8,
1e04539d-c09d-4f71-96a4-5e01bb073d67,2,gop,gop gopy,5,gop gop,6,"parent says ""gop gops"""
1e04539d-c09d-4f71-96a4-5e01bb073d67,3,gub,gub,5,gub gub,6,parent says gub gubs
1e04539d-c09d-4f71-96a4-5e01bb073d67,4,cup,water bottle,3,water cup; two water gups,8,
1e04539d-c09d-4f71-96a4-5e01bb073d67,5,nep,what's a nep,5,two nep,6,
1e04539d-c09d-4f71-96a4-5e01bb073d67,6,pig,pig ,5,pigs,8,
1e04539d-c09d-4f71-96a4-5e01bb073d67,7,star,stars starry,8,stawwy,5,
1e04539d-c09d-4f71-96a4-5e01bb073d67,8,tep,tep tope,5,is that the end of the book?,0,Technical problem: parent comments that the screen is blank
1e04539d-c09d-4f71-96a4-5e01bb073d67,9,nug,,0,,0,
1e04539d-c09d-4f71-96a4-5e01bb073d67,10,cow,,0,,0,
1e04539d-c09d-4f71-96a4-5e01bb073d67,11,truck,,0,,0,
1e04539d-c09d-4f71-96a4-5e01bb073d67,12,fip,,0,,0,
1e04539d-c09d-4f71-96a4-5e01bb073d67,13,pog,,0,,0,
1e04539d-c09d-4f71-96a4-5e01bb073d67,14,rabbit,,0,,0,
1e04539d-c09d-4f71-96a4-5e01bb073d67,15,tig,,0,,0,
1e04539d-c09d-4f71-96a4-5e01bb073d67,16,cat,,0,,0,
91fe4cd9-4225-4866-8766-da0bd1bb3f0c,p1,book,bukh,5,,,boomy microphone
91fe4cd9-4225-4866-8766-da0bd1bb3f0c,p2,chair,<skipped>,0,,,missing trial? Maybe they clicked through
91fe4cd9-4225-4866-8766-da0bd1bb3f0c,p3,coat,kot,5,,,
91fe4cd9-4225-4866-8766-da0bd1bb3f0c,p4,dog,dahk,5,,,
91fe4cd9-4225-4866-8766-da0bd1bb3f0c,1,fork,fok,5,pruts,8,
91fe4cd9-4225-4866-8766-da0bd1bb3f0c,2,gop,gop,5,gops,8,"replies ""nice"""
91fe4cd9-4225-4866-8766-da0bd1bb3f0c,3,gub,gub,5,two gups,8,good job
91fe4cd9-4225-4866-8766-da0bd1bb3f0c,4,cup,cup,5,cups,8,nice job
91fe4cd9-4225-4866-8766-da0bd1bb3f0c,5,nep,nep,5,neps,8,
91fe4cd9-4225-4866-8766-da0bd1bb3f0c,6,pig,pig,5,two ents,8,
91fe4cd9-4225-4866-8766-da0bd1bb3f0c,7,star,taw,5,taws,8,
91fe4cd9-4225-4866-8766-da0bd1bb3f0c,8,tep,tep,5,ents,3,
91fe4cd9-4225-4866-8766-da0bd1bb3f0c,9,nug,nug,5,no response,1,
91fe4cd9-4225-4866-8766-da0bd1bb3f0c,10,cow,cow,5,cow,5,
91fe4cd9-4225-4866-8766-da0bd1bb3f0c,11,truck,tuck,5,tucks,8,
91fe4cd9-4225-4866-8766-da0bd1bb3f0c,12,fip,fip,5,feps,8,
91fe4cd9-4225-4866-8766-da0bd1bb3f0c,13,pog,puck,5,pucks,7,
91fe4cd9-4225-4866-8766-da0bd1bb3f0c,14,rabbit,ribbit,5,ribbits,8,untintelligible
91fe4cd9-4225-4866-8766-da0bd1bb3f0c,15,tig,tick,5,tickth,7,
91fe4cd9-4225-4866-8766-da0bd1bb3f0c,16,cat,cat,5,cats,8,
983f28e8-40ac-4226-9968-47562ab5c8de,p1,book,bukh,5,,,
983f28e8-40ac-4226-9968-47562ab5c8de,p2,chair,chaiw,5,,,
983f28e8-40ac-4226-9968-47562ab5c8de,p3,coat,cot,5,,,hands in mouth
983f28e8-40ac-4226-9968-47562ab5c8de,p4,dog,dahg,5,,,
983f28e8-40ac-4226-9968-47562ab5c8de,1,fork,hark,5,two harks,8,
983f28e8-40ac-4226-9968-47562ab5c8de,2,gop,gop,5,two glottal()s,8,
983f28e8-40ac-4226-9968-47562ab5c8de,3,gub,gub,5,du gub en haus,6,"mom models ""two gubs"""
983f28e8-40ac-4226-9968-47562ab5c8de,4,cup,gup,5,du cups,8,
983f28e8-40ac-4226-9968-47562ab5c8de,5,nep,nep,5,du neps,8,
983f28e8-40ac-4226-9968-47562ab5c8de,6,pig,pig,5,du pig momma and dadda,6,
983f28e8-40ac-4226-9968-47562ab5c8de,7,star,star,5,du stas,8,
983f28e8-40ac-4226-9968-47562ab5c8de,8,tep,tep,5,du tep(long s),8,"mom models ""du teps"""
983f28e8-40ac-4226-9968-47562ab5c8de,9,nug,nug,5,no response,1,"parent models it, two nugs"
983f28e8-40ac-4226-9968-47562ab5c8de,10,cow,"cow, mooo",5,du dog moo moo,6,two cows moo moo moo moo
983f28e8-40ac-4226-9968-47562ab5c8de,11,truck,truck,5,du trucks,8,mom repeats it
983f28e8-40ac-4226-9968-47562ab5c8de,12,fip,frip,5,druh frips,8,
983f28e8-40ac-4226-9968-47562ab5c8de,13,pog,bahg,5,du bahgs,8,
983f28e8-40ac-4226-9968-47562ab5c8de,14,rabbit,rabbit,5,<> rabbits momma and dadda,8,
983f28e8-40ac-4226-9968-47562ab5c8de,15,tig,deg,5,du tigs,8,
983f28e8-40ac-4226-9968-47562ab5c8de,16,cat,catha,5,du cats,8,
019e5595-bffa-4ab1-935c-a501119f1380,p1,book,bukh,5,,,"bad microphone, good compliance, kid fusses out at the end"
019e5595-bffa-4ab1-935c-a501119f1380,p2,chair,chose,5,,,
019e5595-bffa-4ab1-935c-a501119f1380,p3,coat,cot,5,,,
019e5595-bffa-4ab1-935c-a501119f1380,p4,dog,dahk,5,,,
019e5595-bffa-4ab1-935c-a501119f1380,1,fork,urk,5,furk,5,
019e5595-bffa-4ab1-935c-a501119f1380,2,gop,gop,5,gop,5,
019e5595-bffa-4ab1-935c-a501119f1380,3,gub,goub,5,goub,5,
019e5595-bffa-4ab1-935c-a501119f1380,4,cup,cup,5,nay nay,2,
019e5595-bffa-4ab1-935c-a501119f1380,5,nep,nep,5,nep,5,
019e5595-bffa-4ab1-935c-a501119f1380,6,pig,pih,5,pihg,5,
019e5595-bffa-4ab1-935c-a501119f1380,7,star,stars,8,star,5,
019e5595-bffa-4ab1-935c-a501119f1380,8,tep,tep,5,tup,5,
019e5595-bffa-4ab1-935c-a501119f1380,9,nug,nohg,5,nohg,5,
019e5595-bffa-4ab1-935c-a501119f1380,10,cow,cow,5,mommy,5,
019e5595-bffa-4ab1-935c-a501119f1380,11,truck,tuck,5,tuck,5,
019e5595-bffa-4ab1-935c-a501119f1380,12,fip,fip,5,fip,5,
019e5595-bffa-4ab1-935c-a501119f1380,13,pog,pahg,5,pagh,5,
019e5595-bffa-4ab1-935c-a501119f1380,14,rabbit,ribbit,5,ya,3,
019e5595-bffa-4ab1-935c-a501119f1380,15,tig,tig,5,<fuss>,1,
019e5595-bffa-4ab1-935c-a501119f1380,16,cat,<fuss>,1,<fuss>,1,
0b51e58f-72dc-4f65-aea9-c36eddf418df,p1,book,bu<stop>,5,,,excellent compliance from parent
0b51e58f-72dc-4f65-aea9-c36eddf418df,p2,chair,chair,5,,,
0b51e58f-72dc-4f65-aea9-c36eddf418df,p3,coat,coat on trees,5,,,
0b51e58f-72dc-4f65-aea9-c36eddf418df,p4,dog,one dog arf arf,5,,,
0b51e58f-72dc-4f65-aea9-c36eddf418df,1,fork,I say furk,5,there one two fork,6,
0b51e58f-72dc-4f65-aea9-c36eddf418df,2,gop,there one gop,5,one two gop,6,
0b51e58f-72dc-4f65-aea9-c36eddf418df,3,gub,gub,5,one two gub,6,
0b51e58f-72dc-4f65-aea9-c36eddf418df,4,cup,"it have lid on it, cup",5,"water, that water in the cup",5,
0b51e58f-72dc-4f65-aea9-c36eddf418df,5,nep,more kiddle daddy,3,no response,1,"dad appears offscreen, gives kid a wet wipe, kid loses interest"
0b51e58f-72dc-4f65-aea9-c36eddf418df,6,pig,pigh,5,nothing… no,3,
0b51e58f-72dc-4f65-aea9-c36eddf418df,7,star,one tar,5,tar,5,makes a hand gesture for two
0b51e58f-72dc-4f65-aea9-c36eddf418df,8,tep,tep,5,one two tep,6,
0b51e58f-72dc-4f65-aea9-c36eddf418df,9,nug,nuk,5,no response,1,"child has lost interest, offscreen"
0b51e58f-72dc-4f65-aea9-c36eddf418df,10,cow,cow,5,bupen,2,
0b51e58f-72dc-4f65-aea9-c36eddf418df,11,truck,chu beach dumpchu,5,one two dumpchu,5,
0b51e58f-72dc-4f65-aea9-c36eddf418df,12,fip,fip,5,pep,5,
0b51e58f-72dc-4f65-aea9-c36eddf418df,13,pog,<long pause> pog,5,one two pog,6,
0b51e58f-72dc-4f65-aea9-c36eddf418df,14,rabbit,rabbit,5,two rabbit,6,
0b51e58f-72dc-4f65-aea9-c36eddf418df,15,tig,tig,5,tiguh,5,
0b51e58f-72dc-4f65-aea9-c36eddf418df,16,cat,ka,5,ka … I miss ka,5,"mom implies the family pet has recently passed, hugs child"
1e8ae9b0-6b68-4636-a983-4e53b2522fce,p1,book,buah,5,,,"terrible compliance, dad keeps asking if there are two"
1e8ae9b0-6b68-4636-a983-4e53b2522fce,p2,chair,bah,2,,,
1e8ae9b0-6b68-4636-a983-4e53b2522fce,p3,coat,bah bah,2,,,
1e8ae9b0-6b68-4636-a983-4e53b2522fce,p4,dog,dah,5,,,
1e8ae9b0-6b68-4636-a983-4e53b2522fce,1,fork,buh,2,no response,1,"""do you know how many forks that is? Two forks"""
1e8ae9b0-6b68-4636-a983-4e53b2522fce,2,gop,gap,5,ga,5,"""it's two gops"""
1e8ae9b0-6b68-4636-a983-4e53b2522fce,3,gub,go <screeches>,5,guh,5,"""are there two gups"""
1e8ae9b0-6b68-4636-a983-4e53b2522fce,4,cup,lup,2,no response,1,"""one, two"" says parent"
1e8ae9b0-6b68-4636-a983-4e53b2522fce,5,nep,neup,5,no response,1,"""how many do you see… two neps"""
1e8ae9b0-6b68-4636-a983-4e53b2522fce,6,pig,no response,1,no response,1,child agrees to 5 cups
1e8ae9b0-6b68-4636-a983-4e53b2522fce,7,star,bah,2,no response,1,
1e8ae9b0-6b68-4636-a983-4e53b2522fce,8,tep,no response,1,no response,1,
1e8ae9b0-6b68-4636-a983-4e53b2522fce,9,nug,dav,2,no response,1,laughs at two nugs
1e8ae9b0-6b68-4636-a983-4e53b2522fce,10,cow,baa baa baa,2,no response,1,
1e8ae9b0-6b68-4636-a983-4e53b2522fce,11,truck,no response,1,bah,2,do we have two trucks?
1e8ae9b0-6b68-4636-a983-4e53b2522fce,12,fip,no response,1,no response,1,
1e8ae9b0-6b68-4636-a983-4e53b2522fce,13,pog,no response,1,bah,2,"are there twenty pogs, agrees to two pog"
1e8ae9b0-6b68-4636-a983-4e53b2522fce,14,rabbit,no response,1,no response,1,"dad says ""two rabbits"""
1e8ae9b0-6b68-4636-a983-4e53b2522fce,15,tig,bah,2,child shows two,2,
1e8ae9b0-6b68-4636-a983-4e53b2522fce,16,cat,no response,1,no response,1,
1ecda138-4c67-4fc6-b771-b227aa216456,p1,book,book,5,,,
1ecda138-4c67-4fc6-b771-b227aa216456,p2,chair,chair,5,,,
1ecda138-4c67-4fc6-b771-b227aa216456,p3,coat,"coats, tree",5,,,
1ecda138-4c67-4fc6-b771-b227aa216456,p4,dog,dohk,5,,,
1ecda138-4c67-4fc6-b771-b227aa216456,1,fork,fork,5,two forks,8,
1ecda138-4c67-4fc6-b771-b227aa216456,2,gop,kop,5,two gops,8,parent repeats it
1ecda138-4c67-4fc6-b771-b227aa216456,3,gub,gup,5,two gups,8,
1ecda138-4c67-4fc6-b771-b227aa216456,4,cup,cup,5,two cups,8,
1ecda138-4c67-4fc6-b771-b227aa216456,5,nep,nep what happened to that,5,two gups,8,
1ecda138-4c67-4fc6-b771-b227aa216456,6,pig,pig,5,two pigs,8,parent repeats it
1ecda138-4c67-4fc6-b771-b227aa216456,7,star,star,5,two stars,8,
1ecda138-4c67-4fc6-b771-b227aa216456,8,tep,tep,5,two teps in a farm,8,
1ecda138-4c67-4fc6-b771-b227aa216456,9,nug,nuk,5,two nubs,8,
1ecda138-4c67-4fc6-b771-b227aa216456,10,cow,cow,5,two cows,8,
1ecda138-4c67-4fc6-b771-b227aa216456,11,truck,truck,5,two trucks,8,parent repeats it
1ecda138-4c67-4fc6-b771-b227aa216456,12,fip,fip,5,two fips,8,
1ecda138-4c67-4fc6-b771-b227aa216456,13,pog,pog,5,two pogs,8,
1ecda138-4c67-4fc6-b771-b227aa216456,14,rabbit,rabbit,5,rabbits,8,
1ecda138-4c67-4fc6-b771-b227aa216456,15,tig,tig,5,two tigs they live in the tree,8,
1ecda138-4c67-4fc6-b771-b227aa216456,16,cat,cat,5,two cats,8,
4a038470-3533-4c2c-80bb-77fb2f6ed333,p1,book,bukh,5,,,
4a038470-3533-4c2c-80bb-77fb2f6ed333,p2,chair,where,5,,,
4a038470-3533-4c2c-80bb-77fb2f6ed333,p3,coat,coar,5,,,
4a038470-3533-4c2c-80bb-77fb2f6ed333,p4,dog,dahg,5,,,
4a038470-3533-4c2c-80bb-77fb2f6ed333,1,fork,for…k the knife,5,two fork,5,
4a038470-3533-4c2c-80bb-77fb2f6ed333,2,gop,gop,5,what is that… dinky,3,
4a038470-3533-4c2c-80bb-77fb2f6ed333,3,gub,gub,5,gub,5,
4a038470-3533-4c2c-80bb-77fb2f6ed333,4,cup,cup <laughs>,5,two cup,6,
4a038470-3533-4c2c-80bb-77fb2f6ed333,5,nep,nep,5,"0 <hesitant, scratches head>",1,
4a038470-3533-4c2c-80bb-77fb2f6ed333,6,pig,no response,1,pig,5,
4a038470-3533-4c2c-80bb-77fb2f6ed333,7,star,little tar,5,little tar,5,
4a038470-3533-4c2c-80bb-77fb2f6ed333,8,tep,tep,5,tep,5,
4a038470-3533-4c2c-80bb-77fb2f6ed333,9,nug,nug,5,nug,5,
4a038470-3533-4c2c-80bb-77fb2f6ed333,10,cow,cow,5,cow,5,
4a038470-3533-4c2c-80bb-77fb2f6ed333,11,truck,truck,5,two dump truck,5,
4a038470-3533-4c2c-80bb-77fb2f6ed333,12,fip,fip,5,fip,5,
4a038470-3533-4c2c-80bb-77fb2f6ed333,13,pog,pog,5,pog,5,
4a038470-3533-4c2c-80bb-77fb2f6ed333,14,rabbit,rabbit,5,bunny,5,
4a038470-3533-4c2c-80bb-77fb2f6ed333,15,tig,tik,5,0 <stares at arm>,1,
4a038470-3533-4c2c-80bb-77fb2f6ed333,16,cat,cat,5,white cat,5,
5e7d68ee-10dc-433d-9daa-d5b0d799c96b,p1,book,book there's one book,5,,,audio desynced in the beginning
5e7d68ee-10dc-433d-9daa-d5b0d799c96b,p2,chair,chew,5,,,
5e7d68ee-10dc-433d-9daa-d5b0d799c96b,p3,coat,coat,5,,,
5e7d68ee-10dc-433d-9daa-d5b0d799c96b,p4,dog,dog,5,,,naming before mom does
5e7d68ee-10dc-433d-9daa-d5b0d799c96b,1,deg,deg,5,degs,8,
5e7d68ee-10dc-433d-9daa-d5b0d799c96b,2,plate,plate,5,plate two plates,8,
5e7d68ee-10dc-433d-9daa-d5b0d799c96b,3,bug,bug,5,bugs,8,
5e7d68ee-10dc-433d-9daa-d5b0d799c96b,4,pib,pib,5,pibs,8,
5e7d68ee-10dc-433d-9daa-d5b0d799c96b,5,mip,mip,5,mips,8,
5e7d68ee-10dc-433d-9daa-d5b0d799c96b,6,frog,fwog,5,fwogs,8,
5e7d68ee-10dc-433d-9daa-d5b0d799c96b,7,spoon,poon,5,spoons,8,
5e7d68ee-10dc-433d-9daa-d5b0d799c96b,8,dup,bup,5,dups,8,
5e7d68ee-10dc-433d-9daa-d5b0d799c96b,9,nop,nop,5,nops,8,
5e7d68ee-10dc-433d-9daa-d5b0d799c96b,10,egg,egg,5,eggs,8,
5e7d68ee-10dc-433d-9daa-d5b0d799c96b,11,kib,kib,5,kibs,8,
5e7d68ee-10dc-433d-9daa-d5b0d799c96b,12,ant,a ant,5,ants,8,
5e7d68ee-10dc-433d-9daa-d5b0d799c96b,13,boat,boat,5,a boat,5,
5e7d68ee-10dc-433d-9daa-d5b0d799c96b,14,teb,teb,5,tebs,8,
5e7d68ee-10dc-433d-9daa-d5b0d799c96b,15,duck,duck,5,ducks,8,
5e7d68ee-10dc-433d-9daa-d5b0d799c96b,16,gip,gip,5,gips,8,
5e98691e-f155-42b7-8642-87d4873f89db,p1,book,book,5,,,
5e98691e-f155-42b7-8642-87d4873f89db,p2,chair,chairs,8,,,
5e98691e-f155-42b7-8642-87d4873f89db,p3,coat,doot,5,,,
5e98691e-f155-42b7-8642-87d4873f89db,p4,dog,dahg,5,,,
5e98691e-f155-42b7-8642-87d4873f89db,1,deg,ded,5,deg,5,
5e98691e-f155-42b7-8642-87d4873f89db,2,plate,plates,8,pats,8,
5e98691e-f155-42b7-8642-87d4873f89db,3,bug,bug /boug,5,bug,5,
5e98691e-f155-42b7-8642-87d4873f89db,4,pib,beb,5,bep,5,
5e98691e-f155-42b7-8642-87d4873f89db,5,mip,bip,5,tip,5,
5e98691e-f155-42b7-8642-87d4873f89db,6,frog,fwog,5,fwog,5,
5e98691e-f155-42b7-8642-87d4873f89db,7,spoon,foon,5,phone,5,
5e98691e-f155-42b7-8642-87d4873f89db,8,dup,duk,5,duk,5,
5e98691e-f155-42b7-8642-87d4873f89db,9,nop,nop,5,no,5,
5e98691e-f155-42b7-8642-87d4873f89db,10,egg,egg,5,egg,5,
5e98691e-f155-42b7-8642-87d4873f89db,11,kib,keb,5,dep,5,
5e98691e-f155-42b7-8642-87d4873f89db,12,ant,ant,5,ant,5,
5e98691e-f155-42b7-8642-87d4873f89db,13,boat,boat,5,boat,5,
5e98691e-f155-42b7-8642-87d4873f89db,14,teb,tep,5,tep,5,
5e98691e-f155-42b7-8642-87d4873f89db,15,duck,duk(h),5,duk(h),5,
5e98691e-f155-42b7-8642-87d4873f89db,16,gip,gi(stop),5,gi(sto),2,
7ce59ab1-ecf1-4215-9b6c-eafa9844432f,p1,book,book,5,,,
7ce59ab1-ecf1-4215-9b6c-eafa9844432f,p2,chair,cheah,5,,,
7ce59ab1-ecf1-4215-9b6c-eafa9844432f,p3,coat,coat,5,,,
7ce59ab1-ecf1-4215-9b6c-eafa9844432f,p4,dog,doguh,5,,,
7ce59ab1-ecf1-4215-9b6c-eafa9844432f,1,deg,deg,5,a degah,5,
7ce59ab1-ecf1-4215-9b6c-eafa9844432f,2,plate,plate,5,a plate,5,
7ce59ab1-ecf1-4215-9b6c-eafa9844432f,3,bug,bug,5,the bugah,5,another child yelling in the background
7ce59ab1-ecf1-4215-9b6c-eafa9844432f,4,pib,beb,5,bub,5,
7ce59ab1-ecf1-4215-9b6c-eafa9844432f,5,mip,mep,5,two mips,8,
7ce59ab1-ecf1-4215-9b6c-eafa9844432f,6,frog,frog,5,the frog,5,
7ce59ab1-ecf1-4215-9b6c-eafa9844432f,7,spoon,spoon,5,the spoon,5,
7ce59ab1-ecf1-4215-9b6c-eafa9844432f,8,dup,dup,5,neps,8,
7ce59ab1-ecf1-4215-9b6c-eafa9844432f,9,nop,nop,5,the nops,8,
7ce59ab1-ecf1-4215-9b6c-eafa9844432f,10,egg,egguh,5,the eggs,8,
7ce59ab1-ecf1-4215-9b6c-eafa9844432f,11,kib,kibuh,5,the kubisuh,3,
7ce59ab1-ecf1-4215-9b6c-eafa9844432f,12,ant,ant,5,the ants,8,
7ce59ab1-ecf1-4215-9b6c-eafa9844432f,13,boat,boat,5,the boats,8,
7ce59ab1-ecf1-4215-9b6c-eafa9844432f,14,teb,tebuh,5,tebs,8,
7ce59ab1-ecf1-4215-9b6c-eafa9844432f,15,duck,duck,5,ducks,8,
7ce59ab1-ecf1-4215-9b6c-eafa9844432f,16,gip,gip,5,the gips,8,
7dc30b41-8f08-466d-b342-7da585ba84eb,p1,book,book,5,,,
7dc30b41-8f08-466d-b342-7da585ba84eb,p2,chair,chair,5,,,
7dc30b41-8f08-466d-b342-7da585ba84eb,p3,coat,cot,5,,,
7dc30b41-8f08-466d-b342-7da585ba84eb,p4,dog,dag woof woof,5,,,
7dc30b41-8f08-466d-b342-7da585ba84eb,1,fork,for,5,one two count daddy,3,dog growling
7dc30b41-8f08-466d-b342-7da585ba84eb,2,gop,gop,5,gop,5,
7dc30b41-8f08-466d-b342-7da585ba84eb,3,gub,a gub,5,two gop,6,
7dc30b41-8f08-466d-b342-7da585ba84eb,4,cup,a cup,5,one two cup,6,
7dc30b41-8f08-466d-b342-7da585ba84eb,5,nep,nep,5,a nets,8,
7dc30b41-8f08-466d-b342-7da585ba84eb,6,pig,one pig,5,two pig(s),8,
7dc30b41-8f08-466d-b342-7da585ba84eb,7,star,a one star,5,a one star,5,
7dc30b41-8f08-466d-b342-7da585ba84eb,8,tep,tep,5,a prize,3,
7dc30b41-8f08-466d-b342-7da585ba84eb,9,nug,no response,1,no response,1,
7dc30b41-8f08-466d-b342-7da585ba84eb,10,cow,cow,5,cow,5,
7dc30b41-8f08-466d-b342-7da585ba84eb,11,truck,truck I have a truck,5,I want it I want it tuck,3,
7dc30b41-8f08-466d-b342-7da585ba84eb,12,fip,I want more truck more truck,3,no want tup,3,
7dc30b41-8f08-466d-b342-7da585ba84eb,13,pog,no no more truck,3,cries,1,
7dc30b41-8f08-466d-b342-7da585ba84eb,14,rabbit,more truck,3,tow truck,3,
7dc30b41-8f08-466d-b342-7da585ba84eb,15,tig,dump truck dump truck two,3,more truck,3,
7dc30b41-8f08-466d-b342-7da585ba84eb,16,cat,cat,5,more cat,6,
9a9fe8f1-c7ba-4d57-baef-2c8fb7a79035,p1,book,bukh,5,,,poor compliance; good example of parent modeling and child not caring
9a9fe8f1-c7ba-4d57-baef-2c8fb7a79035,p2,chair,<click>,2,,,
9a9fe8f1-c7ba-4d57-baef-2c8fb7a79035,p3,coat,"ya, ya, <click> no",2,,,
9a9fe8f1-c7ba-4d57-baef-2c8fb7a79035,p4,dog,dah,5,,,
9a9fe8f1-c7ba-4d57-baef-2c8fb7a79035,1,fork,ya yep,2,what's that,3,parent introduces two forks
9a9fe8f1-c7ba-4d57-baef-2c8fb7a79035,2,gop,gop,5,gop,5,parent says two forks
9a9fe8f1-c7ba-4d57-baef-2c8fb7a79035,3,gub,guh,5,guh two,3,do you see two
9a9fe8f1-c7ba-4d57-baef-2c8fb7a79035,4,cup,no,3,yep,3,parent introduces two cups
9a9fe8f1-c7ba-4d57-baef-2c8fb7a79035,5,nep,nep,5,nep,5,parent says two neps
9a9fe8f1-c7ba-4d57-baef-2c8fb7a79035,6,pig,yep,3,di two ya,3,parent introduces two
9a9fe8f1-c7ba-4d57-baef-2c8fb7a79035,7,star,no,3,no,3,parent introduces two stars
9a9fe8f1-c7ba-4d57-baef-2c8fb7a79035,8,tep,tep,5,tep,5,parent introduces two teps
9a9fe8f1-c7ba-4d57-baef-2c8fb7a79035,9,nug,no,3,no,3,
9a9fe8f1-c7ba-4d57-baef-2c8fb7a79035,10,cow,mooo,3,no response,1,parent notes blank page
9a9fe8f1-c7ba-4d57-baef-2c8fb7a79035,11,truck,ya,3,di ,3,two
9a9fe8f1-c7ba-4d57-baef-2c8fb7a79035,12,fip,tep,3,no,3,"parent keeps modeling, kid won't repeat"
9a9fe8f1-c7ba-4d57-baef-2c8fb7a79035,13,pog,po,5,no response,1,child says inside
9a9fe8f1-c7ba-4d57-baef-2c8fb7a79035,14,rabbit,no,3,"di… how many rabbits, ummmm go home",8,
9a9fe8f1-c7ba-4d57-baef-2c8fb7a79035,15,tig,no,3,go home home,3,
9a9fe8f1-c7ba-4d57-baef-2c8fb7a79035,16,cat,meow,3,go home,3,
13badd8d-0051-49d4-80a7-1d61a1ec2cce,p1,book,,,,,bad microphone
13badd8d-0051-49d4-80a7-1d61a1ec2cce,p2,chair,,,,,
13badd8d-0051-49d4-80a7-1d61a1ec2cce,p3,coat,,,,,
13badd8d-0051-49d4-80a7-1d61a1ec2cce,p4,dog,,,,,
13badd8d-0051-49d4-80a7-1d61a1ec2cce,1,deg,deg,5,two degs,8,
13badd8d-0051-49d4-80a7-1d61a1ec2cce,2,plate,plate,5,plate,5,
13badd8d-0051-49d4-80a7-1d61a1ec2cce,3,bug,bug,5,bug,5,
13badd8d-0051-49d4-80a7-1d61a1ec2cce,4,pib,bib,5,bib,5,
13badd8d-0051-49d4-80a7-1d61a1ec2cce,5,mip,mit,5,mips,8,
13badd8d-0051-49d4-80a7-1d61a1ec2cce,6,frog,frog,5,frog,5,
13badd8d-0051-49d4-80a7-1d61a1ec2cce,7,spoon,foon,5,spoon,5,
13badd8d-0051-49d4-80a7-1d61a1ec2cce,8,dup,dup,5,dup,5,
13badd8d-0051-49d4-80a7-1d61a1ec2cce,9,nop,nop,5,nop,5,
13badd8d-0051-49d4-80a7-1d61a1ec2cce,10,egg,egg,5,egg,5,
13badd8d-0051-49d4-80a7-1d61a1ec2cce,11,kib,no,3,no ,5,
13badd8d-0051-49d4-80a7-1d61a1ec2cce,12,ant,ant,5,ant,5,
13badd8d-0051-49d4-80a7-1d61a1ec2cce,13,boat,boat,5,boat,5,
13badd8d-0051-49d4-80a7-1d61a1ec2cce,14,teb,teb,5,teb,5,
13badd8d-0051-49d4-80a7-1d61a1ec2cce,15,duck,no ,3,duck,5,
13badd8d-0051-49d4-80a7-1d61a1ec2cce,16,gip,gip,5,gip,5,
19d76457-671f-4ac5-8e21-4c3544285262,p1,book,tigger,3,,,"poor compliance, mom models plurals many times"
19d76457-671f-4ac5-8e21-4c3544285262,p2,chair,seat,3,,,
19d76457-671f-4ac5-8e21-4c3544285262,p3,coat,dih,3,,,
19d76457-671f-4ac5-8e21-4c3544285262,p4,dog,dahg,5,,,
19d76457-671f-4ac5-8e21-4c3544285262,1,fork,no no fork,5,on two key,3,
19d76457-671f-4ac5-8e21-4c3544285262,2,gop,no,3,one two mama baby,3,mom tells dad to be quiet because they are doing science
19d76457-671f-4ac5-8e21-4c3544285262,3,gub,no response,1,no reponse,1,parent models gub
19d76457-671f-4ac5-8e21-4c3544285262,4,cup,cup,5,two ups,3,
19d76457-671f-4ac5-8e21-4c3544285262,5,nep,nep,5,one two,3,parent models neps
19d76457-671f-4ac5-8e21-4c3544285262,6,pig,pih,5,pih,5,parent models two piggies
19d76457-671f-4ac5-8e21-4c3544285262,7,star,no response,1,two star,6,parent models two stars
19d76457-671f-4ac5-8e21-4c3544285262,8,tep,tep,5,two tep,6,parent models two teps
19d76457-671f-4ac5-8e21-4c3544285262,9,nug,nug,5,nug,5,parent models nugs
19d76457-671f-4ac5-8e21-4c3544285262,10,cow,cow,5,bah,3,
19d76457-671f-4ac5-8e21-4c3544285262,11,truck,ruck,5,truck,5,parent models two trucks
19d76457-671f-4ac5-8e21-4c3544285262,12,fip,fip,5,no response,1,
19d76457-671f-4ac5-8e21-4c3544285262,13,pog,pog,5,pahk,5,
19d76457-671f-4ac5-8e21-4c3544285262,14,rabbit,hoppa bunny,5,two bunny,6,
19d76457-671f-4ac5-8e21-4c3544285262,15,tig,tig,5,tig,5,
19d76457-671f-4ac5-8e21-4c3544285262,16,cat,cat,5,no response,1,
47b41e86-dc92-4042-942c-a1aca67cee7b,p1,book,book,5,,,"good compliance, very slow video, but audio is okay"
47b41e86-dc92-4042-942c-a1aca67cee7b,p2,chair,chair,5,,,
47b41e86-dc92-4042-942c-a1aca67cee7b,p3,coat,coat,5,,,
47b41e86-dc92-4042-942c-a1aca67cee7b,p4,dog,dog,5,,,
47b41e86-dc92-4042-942c-a1aca67cee7b,1,fork,fork,5,forks,8,
47b41e86-dc92-4042-942c-a1aca67cee7b,2,gop,gop,5,what's here,3,
47b41e86-dc92-4042-942c-a1aca67cee7b,3,gub,gub,5,gubs,8,
47b41e86-dc92-4042-942c-a1aca67cee7b,4,cup,cup,5,cups,8,
47b41e86-dc92-4042-942c-a1aca67cee7b,5,nep,neps,8,"what's here, what's on the page",3,
47b41e86-dc92-4042-942c-a1aca67cee7b,6,pig,pig,5,pigs,8,
47b41e86-dc92-4042-942c-a1aca67cee7b,7,star,star,5,stars,8,
47b41e86-dc92-4042-942c-a1aca67cee7b,8,tep,tep,5,teps,8,
47b41e86-dc92-4042-942c-a1aca67cee7b,9,nug,nug,5,teps,3,
47b41e86-dc92-4042-942c-a1aca67cee7b,10,cow,cow,5,teps,3,
47b41e86-dc92-4042-942c-a1aca67cee7b,11,truck,twuck,5,trucks,8,
47b41e86-dc92-4042-942c-a1aca67cee7b,12,fip,fip,5,fips,8,
47b41e86-dc92-4042-942c-a1aca67cee7b,13,pog,pog,5,pogs,8,
47b41e86-dc92-4042-942c-a1aca67cee7b,14,rabbit,rabbit,5,rabbits,8,
47b41e86-dc92-4042-942c-a1aca67cee7b,15,tig,tig,5,tigs,8,
47b41e86-dc92-4042-942c-a1aca67cee7b,16,cat,cat,5,no response,1,
151aafac-e33a-439b-9af3-b6349946d18a,p1,book,book,5,,,
151aafac-e33a-439b-9af3-b6349946d18a,p2,chair,chew,5,,,
151aafac-e33a-439b-9af3-b6349946d18a,p3,coat,coat,5,,,
151aafac-e33a-439b-9af3-b6349946d18a,p4,dog,taw,5,,,
151aafac-e33a-439b-9af3-b6349946d18a,1,fork,fork,5,heaw,3,
151aafac-e33a-439b-9af3-b6349946d18a,2,gop,gop,5,hear,3,
151aafac-e33a-439b-9af3-b6349946d18a,3,gub,gubah,5,gubah,5,
151aafac-e33a-439b-9af3-b6349946d18a,4,cup,cup,5,cup tup,5,
151aafac-e33a-439b-9af3-b6349946d18a,5,nep,neep,5,nop,5,
151aafac-e33a-439b-9af3-b6349946d18a,6,pig,pig,5,piggy,5,
151aafac-e33a-439b-9af3-b6349946d18a,7,star,star,5,tar,5,
151aafac-e33a-439b-9af3-b6349946d18a,8,tep,teep,5,tep,5,
151aafac-e33a-439b-9af3-b6349946d18a,9,nug,nug,5,nug,5,
151aafac-e33a-439b-9af3-b6349946d18a,10,cow,cow,5,dow,5,
151aafac-e33a-439b-9af3-b6349946d18a,11,truck,tuck,5,tuck,5,
151aafac-e33a-439b-9af3-b6349946d18a,12,fip,hip,5,hip,5,
151aafac-e33a-439b-9af3-b6349946d18a,13,pog,boggy,5,bug,5,
151aafac-e33a-439b-9af3-b6349946d18a,14,rabbit,rabbit,5,rabbits,8,
151aafac-e33a-439b-9af3-b6349946d18a,15,tig,pig,5,piggy,5,
151aafac-e33a-439b-9af3-b6349946d18a,16,cat,cat,5,cat,5,
217a8227-5356-4860-80ff-8c6dac5bbce3,p1,book,book,5,,,
217a8227-5356-4860-80ff-8c6dac5bbce3,p2,chair,chair,5,,,
217a8227-5356-4860-80ff-8c6dac5bbce3,p3,coat,coke,5,,,
217a8227-5356-4860-80ff-8c6dac5bbce3,p4,dog,do(stop),5,,,
217a8227-5356-4860-80ff-8c6dac5bbce3,1,fork,for(stop),5,more for,6,
217a8227-5356-4860-80ff-8c6dac5bbce3,2,gop,gop,5,gop one two three,6,
217a8227-5356-4860-80ff-8c6dac5bbce3,3,gub,gubbah,5,here what's here,3,
217a8227-5356-4860-80ff-8c6dac5bbce3,4,cup,cup,5,cuppy,5,
217a8227-5356-4860-80ff-8c6dac5bbce3,5,nep,ne(stop),5,gop,5,
217a8227-5356-4860-80ff-8c6dac5bbce3,6,pig,piagh,5,piagh,5,
217a8227-5356-4860-80ff-8c6dac5bbce3,7,star,shtao,5,shtars,8,launches into twinkle twinkle
217a8227-5356-4860-80ff-8c6dac5bbce3,8,tep,tep,5,tep,5,
217a8227-5356-4860-80ff-8c6dac5bbce3,9,nug,nug(h),5,nuh,5,
217a8227-5356-4860-80ff-8c6dac5bbce3,10,cow,cow,5,cow,5,
217a8227-5356-4860-80ff-8c6dac5bbce3,11,truck,trvuck,5,fuh,5,
217a8227-5356-4860-80ff-8c6dac5bbce3,12,fip,fip,5,fip,5,what's that called
217a8227-5356-4860-80ff-8c6dac5bbce3,13,pog,pah,5,pah,5,
217a8227-5356-4860-80ff-8c6dac5bbce3,14,rabbit,rabbit,5,rabbit bunny rabbit,5,
217a8227-5356-4860-80ff-8c6dac5bbce3,15,tig,teh,5,tehg,5,
217a8227-5356-4860-80ff-8c6dac5bbce3,16,cat,cad,5,cats one two,6,
222b347f-417e-450b-b108-6f871872f9e8,p1,book,book,5,,,"good compliance, good candidate for sharing"
222b347f-417e-450b-b108-6f871872f9e8,p2,chair,cheah,5,,,
222b347f-417e-450b-b108-6f871872f9e8,p3,coat,coat,5,,,
222b347f-417e-450b-b108-6f871872f9e8,p4,dog,dahk,5,,,
222b347f-417e-450b-b108-6f871872f9e8,1,deg,deg,5,deghhh,5,
222b347f-417e-450b-b108-6f871872f9e8,2,plate,pwate,5,pwates(s),8,
222b347f-417e-450b-b108-6f871872f9e8,3,bug,bug,5,bus,8,
222b347f-417e-450b-b108-6f871872f9e8,4,pib,peb,5,pebs,8,
222b347f-417e-450b-b108-6f871872f9e8,5,mip,mip,5,mip,5,
222b347f-417e-450b-b108-6f871872f9e8,6,frog,fwak,5,fwogs,8,
222b347f-417e-450b-b108-6f871872f9e8,7,spoon,boon,5,boons,8,
222b347f-417e-450b-b108-6f871872f9e8,8,dup,dup,5,dups,8,
222b347f-417e-450b-b108-6f871872f9e8,9,nop,nop,5,nops,8,
222b347f-417e-450b-b108-6f871872f9e8,10,egg,egg,5,eggs,8,
222b347f-417e-450b-b108-6f871872f9e8,11,kib,kip,5,kips,8,
222b347f-417e-450b-b108-6f871872f9e8,12,ant,ant,5,ants,8,
222b347f-417e-450b-b108-6f871872f9e8,13,boat,boat,5,boat,5,
222b347f-417e-450b-b108-6f871872f9e8,14,teb,tab,5,tebs,8,
222b347f-417e-450b-b108-6f871872f9e8,15,duck,duck,5,ducks,8,
222b347f-417e-450b-b108-6f871872f9e8,16,gip,gip,5,gips,8,
716a0365-9e98-4e3d-8751-026f568a5614,p1,book,one book,5,,,example of parent including the plural and the child not correcting
716a0365-9e98-4e3d-8751-026f568a5614,p2,chair,chaiw,5,,,
716a0365-9e98-4e3d-8751-026f568a5614,p3,coat,goat,5,,,
716a0365-9e98-4e3d-8751-026f568a5614,p4,dog,one dod,5,,,
716a0365-9e98-4e3d-8751-026f568a5614,1,fork,fowk,5,two fork,6,parent says two forks afterwards
716a0365-9e98-4e3d-8751-026f568a5614,2,gop,gop,5,two gop,6,parent says two gops afterwards
716a0365-9e98-4e3d-8751-026f568a5614,3,gub,gub,5,two gub,6,parent says two gubs afterwards
716a0365-9e98-4e3d-8751-026f568a5614,4,cup,cup,5,two cup,6,parent says two cups afterwards
716a0365-9e98-4e3d-8751-026f568a5614,5,nep,nep,5,two nep,6,
716a0365-9e98-4e3d-8751-026f568a5614,6,pig,pig,5,two pig,6,
716a0365-9e98-4e3d-8751-026f568a5614,7,star,star,5,two star,6,
716a0365-9e98-4e3d-8751-026f568a5614,8,tep,tep,5,two tep,6,
716a0365-9e98-4e3d-8751-026f568a5614,9,nug,nug,5,two nug,6,
716a0365-9e98-4e3d-8751-026f568a5614,10,cow,cow,5,two cow,6,
716a0365-9e98-4e3d-8751-026f568a5614,11,truck,truck,5,two truck,6,
716a0365-9e98-4e3d-8751-026f568a5614,12,fip,vip,5,two vip,6,
716a0365-9e98-4e3d-8751-026f568a5614,13,pog,pog,5,wto pog,6,parent says two pog
716a0365-9e98-4e3d-8751-026f568a5614,14,rabbit,rabbit,5,two rabbit,6,parent says two rabbits
716a0365-9e98-4e3d-8751-026f568a5614,15,tig,tig,5,two tig,6,
716a0365-9e98-4e3d-8751-026f568a5614,16,cat,cat,5,two cat,6,
765d8cc5-efaf-4599-aa55-c48e43f46dc5,p1,book,no,3,,,
765d8cc5-efaf-4599-aa55-c48e43f46dc5,p2,chair,dah dah dah dah,3,,,
765d8cc5-efaf-4599-aa55-c48e43f46dc5,p3,coat,<cries>,1,,,
765d8cc5-efaf-4599-aa55-c48e43f46dc5,p4,dog,dah,5,,,
765d8cc5-efaf-4599-aa55-c48e43f46dc5,1,fork,no response,1,no response,1,
765d8cc5-efaf-4599-aa55-c48e43f46dc5,2,gop,no response,1,no response,1,
765d8cc5-efaf-4599-aa55-c48e43f46dc5,3,gub,no response,1,no response,1,
765d8cc5-efaf-4599-aa55-c48e43f46dc5,4,cup,no response,1,no response,1,
765d8cc5-efaf-4599-aa55-c48e43f46dc5,5,nep,no response,1,no response,1,
765d8cc5-efaf-4599-aa55-c48e43f46dc5,6,pig,skipped,0,skipped,0,
765d8cc5-efaf-4599-aa55-c48e43f46dc5,7,star,no response,1,no response,1,
765d8cc5-efaf-4599-aa55-c48e43f46dc5,8,tep,no response,1,no response,1,child starts crying
765d8cc5-efaf-4599-aa55-c48e43f46dc5,9,nug,no response,1,no response,1,
765d8cc5-efaf-4599-aa55-c48e43f46dc5,10,cow,no response,1,no response,1,
765d8cc5-efaf-4599-aa55-c48e43f46dc5,11,truck,no response,1,no response,1,laughs at truck
765d8cc5-efaf-4599-aa55-c48e43f46dc5,12,fip,no response,1,no response,1,
765d8cc5-efaf-4599-aa55-c48e43f46dc5,13,pog,no response,1,no response,1,
765d8cc5-efaf-4599-aa55-c48e43f46dc5,14,rabbit,no response,1,no response,1,
765d8cc5-efaf-4599-aa55-c48e43f46dc5,15,tig,no response,1,no response,1,
765d8cc5-efaf-4599-aa55-c48e43f46dc5,16,cat,no response,1,no response,1,
4244c305-6ade-4b01-8bef-c2ae98524cf6,p1,book,book,5,,,
4244c305-6ade-4b01-8bef-c2ae98524cf6,p2,chair,chaiw,5,,,
4244c305-6ade-4b01-8bef-c2ae98524cf6,p3,coat,toat,5,,,
4244c305-6ade-4b01-8bef-c2ae98524cf6,p4,dog,dog,5,,,
4244c305-6ade-4b01-8bef-c2ae98524cf6,1,deg,no response,1,no response,1,
4244c305-6ade-4b01-8bef-c2ae98524cf6,2,plate,pate,5,two pate,6,parent says two plates
4244c305-6ade-4b01-8bef-c2ae98524cf6,3,bug,buh,5,two three two buh,6,parent says two bugs
4244c305-6ade-4b01-8bef-c2ae98524cf6,4,pib,ya,3,two pi,6,parent says two pibs
4244c305-6ade-4b01-8bef-c2ae98524cf6,5,mip,mip,5,two mip,6,
4244c305-6ade-4b01-8bef-c2ae98524cf6,6,frog,fwa,5,two fwa,6,
4244c305-6ade-4b01-8bef-c2ae98524cf6,7,spoon,boon,5,two boon,6,parent says two spoons
4244c305-6ade-4b01-8bef-c2ae98524cf6,8,dup,du(h),5,two pib,6,parent says two pibs
4244c305-6ade-4b01-8bef-c2ae98524cf6,9,nop,n(i)op,5,two mah(p),6,
4244c305-6ade-4b01-8bef-c2ae98524cf6,10,egg,eigh,5,two eigh,6,
4244c305-6ade-4b01-8bef-c2ae98524cf6,11,kib,kih,5,two deg,6,
4244c305-6ade-4b01-8bef-c2ae98524cf6,12,ant,ant,5,two ant,6,parent says two ants
4244c305-6ade-4b01-8bef-c2ae98524cf6,13,boat,boat,5,two boat,6,parent says two boat
4244c305-6ade-4b01-8bef-c2ae98524cf6,14,teb,teb,5,two pib,6,
4244c305-6ade-4b01-8bef-c2ae98524cf6,15,duck,no response,1,no response,1,
4244c305-6ade-4b01-8bef-c2ae98524cf6,16,gip,no response,1,no response,1,
c55ba08f-225c-4631-b4f8-cf447fb54c61,p1,book,book,5,,,"excellent compliance, good examples to share"
c55ba08f-225c-4631-b4f8-cf447fb54c61,p2,chair,haiwa,5,,,
c55ba08f-225c-4631-b4f8-cf447fb54c61,p3,coat,coat,5,,,
c55ba08f-225c-4631-b4f8-cf447fb54c61,p4,dog,dagh,5,,,
c55ba08f-225c-4631-b4f8-cf447fb54c61,1,fork,fok,5,a fork,5,
c55ba08f-225c-4631-b4f8-cf447fb54c61,2,gop,gop,5,gop,5,
c55ba08f-225c-4631-b4f8-cf447fb54c61,3,gub,gub,5,gub,5,
c55ba08f-225c-4631-b4f8-cf447fb54c61,4,cup,cup,5,cupha,5,
c55ba08f-225c-4631-b4f8-cf447fb54c61,5,nep,nep,5,nep,5,
c55ba08f-225c-4631-b4f8-cf447fb54c61,6,pig,I love pigs,8,pig,5,hilarious trial
c55ba08f-225c-4631-b4f8-cf447fb54c61,7,star,star,5,one star,5,
c55ba08f-225c-4631-b4f8-cf447fb54c61,8,tep,tep,5,tep,5,
c55ba08f-225c-4631-b4f8-cf447fb54c61,9,nug,nug,5,nug,5,
c55ba08f-225c-4631-b4f8-cf447fb54c61,10,cow,cow,5,cow,5,
c55ba08f-225c-4631-b4f8-cf447fb54c61,11,truck,truck,5,twuck,5,
c55ba08f-225c-4631-b4f8-cf447fb54c61,12,fip,fip,5,fip,5,
c55ba08f-225c-4631-b4f8-cf447fb54c61,13,pog,pahg,5,pahg,5,
c55ba08f-225c-4631-b4f8-cf447fb54c61,14,rabbit,wabbit,5,one wabbit,5,
c55ba08f-225c-4631-b4f8-cf447fb54c61,15,tig,tigh,5,a tig,5,
c55ba08f-225c-4631-b4f8-cf447fb54c61,16,cat,cat,5,what's here? Cat,5,
d6cb7ac8-6394-415b-8882-dd603c6273b8,p1,book,book,5,,,child so
d6cb7ac8-6394-415b-8882-dd603c6273b8,p2,chair,chaiwaw,5,,,
d6cb7ac8-6394-415b-8882-dd603c6273b8,p3,coat,coaaat,5,,,
d6cb7ac8-6394-415b-8882-dd603c6273b8,p4,dog,dooood,5,,,
d6cb7ac8-6394-415b-8882-dd603c6273b8,1,deg,deeegh,5,two degs,8,child keeps extending vowels
d6cb7ac8-6394-415b-8882-dd603c6273b8,2,plate,plate,5,two plate,6,
d6cb7ac8-6394-415b-8882-dd603c6273b8,3,bug,bug,5,two bug,6,
d6cb7ac8-6394-415b-8882-dd603c6273b8,4,pib,pub,5,two pub,6,
d6cb7ac8-6394-415b-8882-dd603c6273b8,5,mip,mip,5,two mip,6,
d6cb7ac8-6394-415b-8882-dd603c6273b8,6,frog,fro,5,two fro,6,
d6cb7ac8-6394-415b-8882-dd603c6273b8,7,spoon,foon,5,two foon,6,
d6cb7ac8-6394-415b-8882-dd603c6273b8,8,dup,dup,5,t(ng) dup,6,
d6cb7ac8-6394-415b-8882-dd603c6273b8,9,nop,nop,5,t(ng)o nop,6,
d6cb7ac8-6394-415b-8882-dd603c6273b8,10,egg,egg,5,twaig,6,
d6cb7ac8-6394-415b-8882-dd603c6273b8,11,kib,kub,5,two tub,6,
d6cb7ac8-6394-415b-8882-dd603c6273b8,12,ant,ant,5,two ants,8,
d6cb7ac8-6394-415b-8882-dd603c6273b8,13,boat,boat,5,two boa,6,
d6cb7ac8-6394-415b-8882-dd603c6273b8,14,teb,tub,5,two tub,6,
d6cb7ac8-6394-415b-8882-dd603c6273b8,15,duck,duck,5,two du,6,
d6cb7ac8-6394-415b-8882-dd603c6273b8,16,gip,tep,3,twobutup,6,
d91625e7-2193-4a1b-8685-bd349c14bfc3,p1,book,<recording error>,0,,,
d91625e7-2193-4a1b-8685-bd349c14bfc3,p2,chair,chaiw,5,,,recording error
d91625e7-2193-4a1b-8685-bd349c14bfc3,p3,coat,coat,5,,,
d91625e7-2193-4a1b-8685-bd349c14bfc3,p4,dog,puppy dog,5,,,
d91625e7-2193-4a1b-8685-bd349c14bfc3,1,fork,fork,5,two foks,8,
d91625e7-2193-4a1b-8685-bd349c14bfc3,2,gop,gop,5,two gops,8,
d91625e7-2193-4a1b-8685-bd349c14bfc3,3,gub,gub why that a gub,5,two gubs,8,
d91625e7-2193-4a1b-8685-bd349c14bfc3,4,cup,cup what's in the cup,5,more cups,8,"after this, asks ""what's in the (more) X"" for most items"
d91625e7-2193-4a1b-8685-bd349c14bfc3,5,nep,what's in the nep,5,more neps,8,
d91625e7-2193-4a1b-8685-bd349c14bfc3,6,pig,pig what's in the pig,5,more pigs,8,
d91625e7-2193-4a1b-8685-bd349c14bfc3,7,star,star,5,more stars,8,
d91625e7-2193-4a1b-8685-bd349c14bfc3,8,tep,tep,5,more tep,6,
d91625e7-2193-4a1b-8685-bd349c14bfc3,9,nug,nug,5,more nugs what's in the more nugs,8,
d91625e7-2193-4a1b-8685-bd349c14bfc3,10,cow,cow,5,what's in the more cows? Milk,8,
d91625e7-2193-4a1b-8685-bd349c14bfc3,11,truck,truck,5,more trucks,8,
d91625e7-2193-4a1b-8685-bd349c14bfc3,12,fip,fip,5,more fips,8,
d91625e7-2193-4a1b-8685-bd349c14bfc3,13,pog,pog,5,more pogs,8,
d91625e7-2193-4a1b-8685-bd349c14bfc3,14,rabbit,rabbit,5,more rabbits,8,
d91625e7-2193-4a1b-8685-bd349c14bfc3,15,tig,tig,5,more tigs,8,
d91625e7-2193-4a1b-8685-bd349c14bfc3,16,cat,cat,5,more cat,6,
e0d530cb-165f-42ab-8d6c-1b0b7eeb2c35,p1,book,no response,1,,,lots of background noise like a ceiling fan
e0d530cb-165f-42ab-8d6c-1b0b7eeb2c35,p2,chair,chaiw,5,,,parent asks child to be more helpful
e0d530cb-165f-42ab-8d6c-1b0b7eeb2c35,p3,coat,coaut,5,,,
e0d530cb-165f-42ab-8d6c-1b0b7eeb2c35,p4,dog,daugh,5,,,
e0d530cb-165f-42ab-8d6c-1b0b7eeb2c35,1,deg,deg,5,two degs,8,
e0d530cb-165f-42ab-8d6c-1b0b7eeb2c35,2,plate,plate,5,two plate,6,
e0d530cb-165f-42ab-8d6c-1b0b7eeb2c35,3,bug,bug,5,two bug….s,8,s long afterwards
e0d530cb-165f-42ab-8d6c-1b0b7eeb2c35,4,pib,pib,5,two pib,6,
e0d530cb-165f-42ab-8d6c-1b0b7eeb2c35,5,mip,mip,5,two mip,6,
e0d530cb-165f-42ab-8d6c-1b0b7eeb2c35,6,frog,froggy ribbit ribbit,5,ribbit ribbit,3,
e0d530cb-165f-42ab-8d6c-1b0b7eeb2c35,7,spoon,poon,5,two spoon,6,
e0d530cb-165f-42ab-8d6c-1b0b7eeb2c35,8,dup,dup,5,two dup,6,
e0d530cb-165f-42ab-8d6c-1b0b7eeb2c35,9,nop,nop,5,nop,5,
e0d530cb-165f-42ab-8d6c-1b0b7eeb2c35,10,egg,egg,5,two two egg,6,
e0d530cb-165f-42ab-8d6c-1b0b7eeb2c35,11,kib,<not relevant>,3,<not relevant>,3,
e0d530cb-165f-42ab-8d6c-1b0b7eeb2c35,12,ant,ant,5,two ant,6,
e0d530cb-165f-42ab-8d6c-1b0b7eeb2c35,13,boat,boat,5,oat,5,
e0d530cb-165f-42ab-8d6c-1b0b7eeb2c35,14,teb,teb,5,teb,5,
e0d530cb-165f-42ab-8d6c-1b0b7eeb2c35,15,duck,duck,5,two ducks three ducks,8,
e0d530cb-165f-42ab-8d6c-1b0b7eeb2c35,16,gip,gip,5,two gi uh uh uh,5,
e81e9308-473f-4394-afc5-d57b9d36e172,p1,book,aw ya book,5,,,best for examples of successes
e81e9308-473f-4394-afc5-d57b9d36e172,p2,chair,chaih,5,,,
e81e9308-473f-4394-afc5-d57b9d36e172,p3,coat,no response,1,,,
e81e9308-473f-4394-afc5-d57b9d36e172,p4,dog,dagh,5,,,
e81e9308-473f-4394-afc5-d57b9d36e172,1,deg,deg,5,two deaghs,8,
e81e9308-473f-4394-afc5-d57b9d36e172,2,plate,one pate,5,two pates two,8,
e81e9308-473f-4394-afc5-d57b9d36e172,3,bug,bug,5,two bugs,8,
e81e9308-473f-4394-afc5-d57b9d36e172,4,pib,pib,5,pib two pibs,8,
e81e9308-473f-4394-afc5-d57b9d36e172,5,mip,mip,5,mip two mips,8,
e81e9308-473f-4394-afc5-d57b9d36e172,6,frog,froggy,5,two frogs,8,
e81e9308-473f-4394-afc5-d57b9d36e172,7,spoon,soom,5,two soups,8,
e81e9308-473f-4394-afc5-d57b9d36e172,8,dup,dup,5,dup two dups,8,
e81e9308-473f-4394-afc5-d57b9d36e172,9,nop,nop,5,two nops,8,
e81e9308-473f-4394-afc5-d57b9d36e172,10,egg,egg,5,two eggs,8,
e81e9308-473f-4394-afc5-d57b9d36e172,11,kib,kib,5,two kibs,8,
e81e9308-473f-4394-afc5-d57b9d36e172,12,ant,ant,5,two ants,8,
e81e9308-473f-4394-afc5-d57b9d36e172,13,boat,boat,5,two boats,8,
e81e9308-473f-4394-afc5-d57b9d36e172,14,teb,teb,5,two tibs,8,
e81e9308-473f-4394-afc5-d57b9d36e172,15,duck,one duck,5,two ducks,8,
e81e9308-473f-4394-afc5-d57b9d36e172,16,gip,gep,5,two gips,8,
fb71432f-2273-4107-b4b0-46f173aa1eeb,p1,book,<waves hands>,1,,,limited articulation
fb71432f-2273-4107-b4b0-46f173aa1eeb,p2,chair,chai,5,,,
fb71432f-2273-4107-b4b0-46f173aa1eeb,p3,coat,do(stop),5,,,
fb71432f-2273-4107-b4b0-46f173aa1eeb,p4,dog,ruff,3,,,
fb71432f-2273-4107-b4b0-46f173aa1eeb,1,fork,ya,3,la,3,
fb71432f-2273-4107-b4b0-46f173aa1eeb,2,gop,gop,5,bop,5,"child holds up four fingers, parent says two"
fb71432f-2273-4107-b4b0-46f173aa1eeb,3,gub,gub,5,child forgets,1,
fb71432f-2273-4107-b4b0-46f173aa1eeb,4,cup,<points offscreen>,1,no response,1,
fb71432f-2273-4107-b4b0-46f173aa1eeb,5,nep,mup,5,<holds up fingers>,1,"child gestures 10 fingers, parent says ""yes, two neps"""
fb71432f-2273-4107-b4b0-46f173aa1eeb,6,pig,gih ruff,5,ruff,3,
fb71432f-2273-4107-b4b0-46f173aa1eeb,7,star,no response,1,no response,1,
fb71432f-2273-4107-b4b0-46f173aa1eeb,8,tep,bop,5,<holds up fingers>,1,
fb71432f-2273-4107-b4b0-46f173aa1eeb,9,nug,nuuh,5,<holds up fingers>,1,
fb71432f-2273-4107-b4b0-46f173aa1eeb,10,cow,moo,3,moo,3,
fb71432f-2273-4107-b4b0-46f173aa1eeb,11,truck,off,3,no response,1,
fb71432f-2273-4107-b4b0-46f173aa1eeb,12,fip,waop,3,no response,1,
fb71432f-2273-4107-b4b0-46f173aa1eeb,13,pog,muh,3,muh,3,
fb71432f-2273-4107-b4b0-46f173aa1eeb,14,rabbit,abbit,5,huh uh,3,
fb71432f-2273-4107-b4b0-46f173aa1eeb,15,tig,<gurgles>,1,<holds up fingers>,1,
fb71432f-2273-4107-b4b0-46f173aa1eeb,16,cat,<meows>,3,<meows>,3,