child,itemId,Lemma,Singular description,Singular Code,Plural Description,Plural Code,Comments,
pl01,p1,book,,0,,,Not recorded,
pl01,p1,chair,buk,3,,,,
pl01,p1,coat,"ya, sí",3,,,,
pl01,p1,dog,no,3,,,,
pl01,1,pog,"no, ya, where are we",3,,2,,
pl01,2,rabbit,"ya, git",3,"wabbit, I dunno, babble",2,,
pl01,3,nug,"ya, si, gray",2,,1,,
pl01,4,star,"ya, star, twinkle twinkle",5,"tarsh, tarsh",7,,
pl01,5,tep,te,5,,0,skipped ahead in the book,
pl01,6,fip,<s>,1,,1,,
pl01,7,pig,oink oink pig,5,<>,5,,
pl01,8,truck,babble,3,babble,3,,
pl01,9,gub,guar,5,gub,5,,
pl01,10,fork,,0,,0,skipped ahead in the book,
pl01,11,cup,<s>,1,cut,5,,
pl01,12,gop,<s>,1,goatch,2,,
pl01,13,tig,babble,2,babble,2,,
pl01,14,cow,cow + babble,5,moo,3,,
pl01,15,nep,babble + net,5,n,3,,
pl01,16,cat,cat meow meow,5,cat meow,5,,
pl03,p1,book,book,5,,,,
pl03,p2,chair,chair,5,,,,
pl03,p3,coat,jacket,5,,,,
pl03,p4,dog,doggy,5,,,,
pl03,1,pog,,1,,1,,
pl03,2,rabbit,rabbit,5,rabbit,5,,
pl03,3,nug,g waldo,2,waldo waldo door,2,,
pl03,4,star,tar,5,tarsh,7,,
pl03,5,tep,,1,harts,3,,
pl03,6,fip,fip,5,babble,3,,
pl03,7,pig,pig,5,tree,4,,
pl03,8,truck,truck,5,couch,4,,
pl03,9,gub,gub,5,kubut,3,,
pl03,10,fork,spoon,5,spoon,5,,
pl03,11,cup,cup,5,couch,4,,
pl03,12,gop,,1,apples (?),4,,
pl03,13,tig,tig,5,,1,,
pl03,14,cow,cow,5,couch,4,,
pl03,15,nep,nep,5,,3,,
pl03,16,cat,cats,7,purr,3,,
pl04,p1,book,"hmm, book",1,,,,
pl04,p2,chair,,1,,,child takes control of iPad,
pl04,p3,coat,coat,5,,,,
pl04,p4,dog,dog,5,,,,
pl04,1,pog,pog,5,two pog,6,,
pl04,2,rabbit,rabbit,5,two rabbitsch,7,,
pl04,3,nug,nug,5,two nug,6,,
pl04,4,star,star,5,two starsh,6,,
pl04,5,tep,tep,5,nug,5,,
pl04,6,fip,fip,5,two fip,6,,
pl04,7,pig,"I want to watch a movie, pig",3,two pig,6,,
pl04,8,truck,truck,5,two truck,6,,
pl04,9,gub,gub,5,two gub,6,,
pl04,10,fork,fork,5,domp,2,,
pl04,11,cup,cup,5,two cup,6,"child thinks this is the worst, most boring expt",
pl04,12,gop,gop,5,gop,5,,
pl04,13,tig,tig,5,two tig,6,,
pl04,14,cow,cow,5,two cow,6,,
pl04,15,nep,nep,5,two nep,6,,
pl04,16,cat,cat,5,two cat,6,,
pl05,p1,book,,1,,,,
pl05,p2,chair,,1,,,,
pl05,p3,coat,,1,,,,
pl05,p4,dog,,1,,,,
pl05,1,pog,,1,,1,thumb in mouth,
pl05,2,rabbit,,1,,1,,
pl05,3,nug,,1,two nug,6,,
pl05,4,star,,1,,1,,
pl05,5,tep,,1,,1,,
pl05,6,fip,,1,,1,,
pl05,7,pig,,1,,1,,
pl05,8,truck,,1,,1,,
pl05,9,gub,,1,,1,,
pl05,10,fork,,1,,1,,
pl05,11,cup,,1,,1,,
pl05,12,gop,,1,,1,,
pl05,13,tig,,1,,1,,
pl05,14,cow,,1,two cow,6,,
pl05,15,nep,nep,5,nep,5,,
pl05,16,cat,cat,5,cat,5,,
pl09,p1,book,book,5,,,,
pl09,p2,chair,chair,5,,,elicits color of the chair,
pl09,p3,coat,coats,8,,,"""coats on the trees""",
pl09,p4,dog,dog,5,,,,
pl09,1,pog,pog,5,couch,4,pog… trees. Doggy. I dunno? Picture,
pl09,2,rabbit,rabbit,5,couch,4,"""want waffles"". No rabbits.Parent prompts counting, child refuses. Parent uses rabbit, then child reproduces rabbit",
pl09,3,nug,nug,5,,1,where's passy? Mom prompts counting; child counts twice to three items,
pl09,4,star,star,5,couch,5,"couch… star couch. Again counts three. When asked what color, counts again.",
pl09,5,tep,"""no""",1,,1,"parent explicitly asks if child can say ""two  teps"" I intervene to remind of protocol (not producing the plural) and to encourage a faster speed",
pl09,6,fip,,1,,1,,
pl09,7,pig,tig,5,,1,,
pl09,8,truck,,1,,1,"""what on couch""",
pl09,9,gub,gub,5,,1,,
pl09,10,fork,,1,,1,,
pl09,11,cup,cup,5,,1,,
pl09,12,gop,,1,,1,,
pl09,13,tig,,1,,1,,
pl09,14,cow,,1,,1,,
pl09,15,nep,,1,,1,,
pl09,16,cat,its house,3,,1,,
pl10,p1,book,,,,,,
pl10,p2,chair,,,,,,
pl10,p3,coat,,,,,,
pl10,p4,dog,,,,,,
pl10,1,bug,ladybug,5,two ladybug,6,,
pl10,2,mip,mip,5,two mip,6,weird p -- long p,
pl10,3,deg,deg,5,deg,6,aspirated g,
pl10,4,frog,frog ribbit,5,two frogs,8,voiceless s,
pl10,5,nop,nop,5,two nop,6,,
pl10,6,boat,boat splish splash,5,two boats,8,,
pl10,7,kib,kib,5,two kib,6,,
pl10,8,teb,teb,5,two teb,6,aspirated teb,
pl10,9,plate,plate,5,two plate,6,"parent provides ""two plates""",
pl10,10,ant,ant,5,two ant,6,,
pl10,11,pib,PIB,5,two pib,6,,
pl10,12,dup,dup,5,two dup,6,,
pl10,13,duck,duck,5,two deck,6,slightly weird vowel,
pl10,14,spoon,I need to use this ….,3,two spoon,6,,
pl10,15,gip,gip,5,two gip,6,,
pl10,16,egg,egg,5,two egg,6,,
pl11,p1,book,,1,,,,
pl11,p2,chair,,1,,,,
pl11,p3,coat,,1,,,,
pl11,p4,dog,ya,3,,,,
pl11,1,pog,,1,,1,,
pl11,2,rabbit,ya,3,,1,"""no you are going the wrong way bud""",
pl11,3,nug,,1,,1,,
pl11,4,star,,1,,1,,
pl11,5,tep,cries,1,,1,,
pl11,6,fip,,1,,1,,
pl11,7,pig,,1,,1,,
pl11,8,truck,brop,3,,1,,
pl11,9,gub,,1,,1,,
pl11,10,fork,,1,,1,,
pl11,11,cup,coughs,1,,1,,
pl11,12,gop,,1,,1,,
pl11,13,tig,,1,,1,,
pl11,14,cow,,1,,1,,
pl11,15,nep,,1,,1,,
pl11,16,cat,,1,,1,,
pl13,p1,book,bu,5,,,,
pl13,p2,chair,tear,5,,,,
pl13,p3,coat,coat,5,,,,
pl13,p4,dog,dok,5,,,,
pl13,1,pog,pog,5,pogs,8,,
pl13,2,rabbit,rabbit,5,two rabbits,8,,
pl13,3,nug,nu ug,5,nug,5,,
pl13,4,star,star,5,two stars,8,,
pl13,5,tep,tep,5,two teps,8,,
pl13,6,fip,fip,5,two fips,8,,
pl13,7,pig,pig,5,two pigs,8,,
pl13,8,truck,truck,5,two trucks,8,,
pl13,9,gub,gub,5,"gub, two gubs",8,,
pl13,10,fork,fork,5,two forks,8,,
pl13,11,cup,cu ,5,two cups,8,,
pl13,12,gop,gop,5,two gops,8,,
pl13,13,tig,tig,5,two tigs,8,,
pl13,14,cow,cow,5,two cow,6,,
pl13,15,nep,nep,5,two neps,8,,
pl13,16,cat,cat,5,two cats,8,,
pl14,p1,book,buh,5,,,,
pl14,p2,chair,(ch)air,5,,,,
pl14,p3,coat,coat,5,,,,
pl14,p4,dog,dok,5,,,,
pl14,1,bug,no….bug,5,bugs… more bugs,8,,
pl14,2,mip,mip,5,mips,8,,
pl14,3,deg,deg,5,deg … they're friends,5,plural apposition,
pl14,4,frog,frog,5,frog…. They are friends together,5,plural apposition: (consider Clark and Nikitina),
pl14,5,nop,nop,5,nop,5,,
pl14,6,boat,boat,5,boats,5,,
pl14,7,kib,ki ba,5,kibs,8,,
pl14,8,teb,te ba,5,tebs,8,,
pl14,9,plate,no… no… can't,3,plate(th),7,,
pl14,10,ant,ant,5,ant(th),7,,
pl14,11,pib,I can't say pib,5,I can't say pib,5,,
pl14,12,dup,dup ,5,dup(th),7,,
pl14,13,duck,duck,5,duck,5,,
pl14,14,spoon,soons,8,soons,8,,
pl14,15,gip,gip,5,gip(th),7,,
pl14,16,egg,eg ga,5,egg,5,,
pl15,p1,book,0,1,,,,
pl15,p2,chair,chair,5,,,,
pl15,p3,coat,0,1,,,,
pl15,p4,dog,dok (whispers),5,,,,
pl15,1,pog,pog,5,a pog,5,,
pl15,2,rabbit,<unintelligible possibly carrot>,2,carrot … rabbit,5,,
pl15,3,nug,no that's a tree,3,um no nug,5,,
pl15,4,star,star,5,a star,5,,
pl15,5,tep,tep,5,tep,5,,
pl15,6,fip,(h)ip,5,milk,5,,
pl15,7,pig,0,1,0,1,,
pl15,8,truck,truck,5,truck,5,,
pl15,9,gub,gub,5,gub,5,,
pl15,10,fork,fork,5,fork,5,,
pl15,11,cup,cup,5,milk,3,,
pl15,12,gop,gop,5,gop,5,,
pl15,13,tig,tig,5,tig,5,,
pl15,14,cow,caow,5,cow(sh),7,,
pl15,15,nep,I wanna see the nep,5,nep,5,,
pl15,16,cat,cat,5,cats…cat,7,,
pl16,p1,book,a book in house,5,,,,
pl16,p2,chair,chair... do not pointing the ways. Do you have the funny noise on there,5,,,,
pl16,p3,coat,co(t),5,,,,
pl16,p4,dog,look a dog in a house… da',5,,,,
pl16,1,bug,a ladybug,5,another ladybug,5,5 or 6?,
pl16,2,mip,mip (no mips and do not another mip in there),5,a mip,5,,
pl16,3,deg,it's too (agrees to hard),3,two degs,8,,
pl16,4,frog,fwog frog,5,<babble>,2,,
pl16,5,nop,I don't want to say nop it's so hard,5,two nops,8,,
pl16,6,boat,a boat,5,two boat,6,,
pl16,7,kib,I don't want to say kib it's too hard,5,two kibs,8,,
pl16,8,teb,no...I don't know… on one,,two tep(sh),7,,
pl16,9,plate,I don't what plate,5,two lates,8,,
pl16,10,ant,I don't know what they ant,5,two ants on… two ants… two ant,8,,
pl16,11,pib,I don't know what the pib it's too hard,5,two pibs,8,,
pl16,12,dup,I don't know what the dup,5,two dups,8,,
pl16,13,duck,"I can hold it, I can hold it. Du",5,two du? ,5,,
pl16,14,spoon,a poon. Poon. No no I can turn the pictures,5,poons… two poons,8,,
pl16,15,gip,gip,5,two gips,8,,
pl16,16,egg,e(gh),5,two eggs,8,"when asked what the end page says (the end) participant reports ""I love you""",
pl17,p1,book,book,5,,,,
pl17,p2,chair,tsher,5,,,,
pl17,p3,coat,co(t),5,,,,
pl17,p4,dog,dog,5,,,,
pl17,1,pog,pog,5,pogs,8,,
pl17,2,rabbit,ribbit,5,rebbets,8,,
pl17,3,nug,nuug,5,nugs,8,,
pl17,4,star,sar,5,sars,8,question intonation on the plural,
pl17,5,tep,tep,5,teps,8,,
pl17,6,fip,fip,5,fip,5,,
pl17,7,pig,pig,5,pig,5,,
pl17,8,truck,truck,5,trucks,8,,
pl17,9,gub,gup,5,gub,5,,
pl17,10,fork,fork,5,fork,5,,
pl17,11,cup,cup,5,cup,5,,
pl17,12,gop,gop,5,gop,5,,
pl17,13,tig,tig,5,tig,5,,
pl17,14,cow,cow,5,cows,8,,
pl17,15,nep,nep,5,nep,5,,
pl17,16,cat,cat,5,cats,8,,
pl18,p1,book,babble,,,,,
pl18,p2,chair,what is say (?),,,,,
pl18,p3,coat,coat in a tree,5,,,turned pages,
pl18,p4,dog,do on the couch,5,,,,
pl18,1,bug,0,1,see an own house…saw,3,whispers,
pl18,2,mip,<whispers>,2,"bug, a bug, what's in a house",5,,
pl18,3,deg,deg,5,<indecipherable whisper>,2,,
pl18,4,frog,fwog a tree,5,fwog in a tree,5,,
pl18,5,nop,0,1,nop,5,,
pl18,6,boat,boat,5,three four five six,3,named the singular spontaneously,
pl18,7,kib,<indecipherable whispers>,2,I'll hold it,2,,
pl18,8,teb,<indecipherable whispers>,2,0,0,,
pl18,9,plate,plate,5,0,0,named the singular spontaneously,
pl18,10,ant,ant,5,ant,5,,
pl18,11,pib,0,1,whispers,2,,
pl18,12,dup,dup ,1,0,1,,
pl18,13,duck,duck,5,duck,5,,
pl18,14,spoon,soon,5,soon,5,,
pl18,15,gip,dip,5,<indecipherable whisper>,2,,
pl18,16,egg,egg,5,egg,5,,
pl19,p1,book,no,1,,,mom takes away a toy train,
pl19,p2,chair,a chair,5,,,whispers,
pl19,p3,coat,coat,5,,,whispers,
pl19,p4,dog,dog,5,,,whispers,
pl19,1,pog,pog,5,pog,5,,
pl19,2,rabbit,rabbit,5,a rabbits,8,mom encourages louder,
pl19,3,nug,no,3,nug,5,,
pl19,4,star,tar,5,tars,8,,
pl19,5,tep,tep,5,te p,5,two syllables?,
pl19,6,fip,fip,5,fip,5,,
pl19,7,pig,pig,5,pigs,8,,
pl19,8,truck,a dump truck,5,dump trucks,8,,
pl19,9,gub,no,3,0,1,what are those,
pl19,10,fork,fork,5,fork,5,,
pl19,11,cup,cup,5,cupssss,8,,
pl19,12,gop,gop,5,gopssssss,8,,
pl19,13,tig,"no, gops",3,gops,3,,
pl19,14,cow,cow,5,cows,8,short whistle s,
pl19,15,nep,nep,5,nep,5,,
pl19,16,cat,cat,5,cat,5,,
pl20,p1,book,0,1,,,,
pl20,p2,chair,chair,5,,,,
pl20,p3,coat,0,1,0,1,,
pl20,p4,dog,0,1,0,1,,
pl20,1,bug,0,1,0,1,,
pl20,2,mip,0,1,0,1,finally vocalizes,
pl20,3,deg,0,1,it has colors on it,1,,
pl20,4,frog,0,1,1,1,what up there,
pl20,5,nop,it has colors in it…. Pink orange yellow,3,"it has colors on it… pink, orange, yellow; pink orange yellow",3,,
pl20,6,boat,0,1,two boats,8,,
pl20,7,kib,it has colors on it,3,two… there's two… two,3,,
pl20,8,teb,"teb…. Blue, rd, yellow, green",5,two tebs,8,,
pl20,9,plate,one plate,5,two plates,8,,
pl20,10,ant,ant,5,two ant,8,,
pl20,11,pib,a pib,5,two pibs,8,,
pl20,12,dup,a dup,5,dup,5,,
pl20,13,duck,duck,5,duck,5,names spontaneously,
pl20,14,spoon,soon,5,soons,8,,
pl20,15,gip,a gip,5,gip,5,,
pl20,16,egg,a egg,5,two eggs,8,,
pl22,p1,book,book,5,,,,
pl22,p2,chair,chayur,5,,,,
pl22,p3,coat,coat,5,,,,
pl22,p4,dog,dog,5,,,,
pl22,1,bug,buug,5,bugs,8,,
pl22,2,mip,mip,5,mips,8,,
pl22,3,deg,deg,5,deg,5,,
pl22,4,frog,frog,5,frogs,8,,
pl22,5,nop,nop,5,nops,8,,
pl22,6,boat,boat,5,boats,8,,
pl22,7,kib,kip,5,kip…s,8,,
pl22,8,teb,teb,5,tebs,8,,
pl22,9,plate,pwate,5,pwates,8,,
pl22,10,ant,ant,5,ants,8,Had a potty accident; take intermission,
pl22,11,pib,pib,5,pibs,8,,
pl22,12,dup,dup ,5,dups,8,,
pl22,13,duck,duck,5,ducks,8,,
pl22,14,spoon,spoon,5,spoons,8,,
pl22,15,gip,gip,5,gips,8,,
pl22,16,egg,egg,5,eggs,8,seems like a devoiced s,
pl23,p1,book,book,,,,other child in expt booth; excluding eyetracking data,
pl23,p2,chair,chair,,,,,
pl23,p3,coat,coat,,,,,
pl23,p4,dog,dog,,,,,
pl23,1,pog,bog…pog,5,pog,5,mom provides feedback,
pl23,2,rabbit,rabbit,5,rabbit,5,,
pl23,3,nug,nug…nug,5,nug,5,,
pl23,4,star,saaar,5,saa(s?),0,can't hear end of the plural because of mom's response,
pl23,5,tep,tap,5,tap,5,,
pl23,6,fip,fip,5,fips,8,s after long delay,
pl23,7,pig,pig,5,pigs,8,,
pl23,8,truck,truck,5,truck,5,,
pl23,9,gub,gub,5,gub… gubssss,8,,
pl23,10,fork,fork,5,fork+aspiration,7,,
pl23,11,cup,cup,5,cups,8,,
pl23,12,gop,gop,5,gop… gops,8,,
pl23,13,tig,tig,5,tig tigs,8,,
pl23,14,cow,"cow, mooooo",5,cows,5,,
pl23,15,nep,nep,5,<undecipherable>,2,other child says some stuff,
pl23,16,cat,cat,5,cat,5,,
pl24,p1,book,book,5,,,,
pl24,p2,chair,chaiw,5,,,,
pl24,p3,coat,coat,5,,,,
pl24,p4,dog,dog,5,,,,
pl24,1,bug,bug,5,a bug,5,,
pl24,2,mip,mip,5,a miiip,5,,
pl24,3,deg,deg,5,a deeeg,5,,
pl24,4,frog,fwog,5,a fwog,5,,
pl24,5,nop,nop,5,nop,5,,
pl24,6,boat,"it supposed to be in the water, boat",5,two boats,8,,
pl24,7,kib,what's kip doing,5,a kip,5,,
pl24,8,teb,teb,5,a teb,5,,
pl24,9,plate,0,1,a plate,5,,
pl24,10,ant,ant,5,a ant,5,,
pl24,11,pib,pib,5,a pib,5,,
pl24,12,dup,dup ,5,a dup,5,,
pl24,13,duck,duck,5,duck,5,,
pl24,14,spoon,spewn,5,spewn,5,,
pl24,15,gip,gip,5,gip,5,,
pl24,16,egg,egg,5,an egg on the (couch),5,,
pl25,p1,book,book,5,,,,
pl25,p2,chair,chaiw,5,,,,
pl25,p3,coat,a coat,5,,,,
pl25,p4,dog,a doggy,5,,,,
pl25,1,pog,pog,5,pog,5,,
pl25,2,rabbit,a bunny rabbit,5,a bunny rabbit,5,,
pl25,3,nug,nug,5,nug,5,,
pl25,4,star,staw,5,a twinkle twinkle little star,5,,
pl25,5,tep,tep,5,what's the building the building,3,,
pl25,6,fip,fip,5,fip,5,,
pl25,7,pig,pig… old mcdonald,5,old mcdonald a pig,5,,
pl25,8,truck,dump truck,5,dump truck,5,,
pl25,9,gub,gub,5,gub,5,,
pl25,10,fork,fork,5,a fro',5,,
pl25,11,cup,cup,5,cup,5,,
pl25,12,gop,gop,5,gop+aspirated,5,possibly aspirated at the end,
pl25,13,tig,tig,5,tig,5,,
pl25,14,cow,cow,5,cow,5,,
pl25,15,nep,nep,5,nep,5,,
pl25,16,cat,cat,5,a cat,5,,
pl27,p1,book,book,5,,,,
pl27,p2,chair,chair,5,,,,
pl27,p3,coat,coat,5,,,spontaneous named,
pl27,p4,dog,puppy dog,5,,,spontaneous named,
pl27,1,pog,pog,5,pogs,8,,
pl27,2,rabbit,rabbit,5,rabbits,8,,
pl27,3,nug,nug,5,nugs,8,,
pl27,4,star,staaar,5,staaas,8,,
pl27,5,tep,tep,5,teps,8,,
pl27,6,fip,fip,5,fips,8,laughs afterward,
pl27,7,pig,pig,5,pigs,8,,
pl27,8,truck,truck,5,truckssssss,8,,
pl27,9,gub,gub,5,gubs,8,,
pl27,10,fork,a fork,5,forks,8,,
pl27,11,cup,sippy cup,5,sippy cups,8,,
pl27,12,gop,gop,5,gops,8,,
pl27,13,tig,tig,5,"I can't know what's on the hill while im scratching, tep",3,,
pl27,14,cow,cow,5,"cow, mom",5,,
pl27,15,nep,nep,5,neppppp + neps on next trial,8,bargaining,
pl27,16,cat,cat,5,cat ssss,8,,
pl28,p1,book,bu|,5,,,pl28 received the wrong book -- this is book 1 rather than book 2,
pl28,p2,chair,shair,5,,,why is it a chair. Excellent dyad,
pl28,p3,coat,coat,5,,,,
pl28,p4,dog,dog|,5,,,,
pl28,1,pog,po|,5,po|,5,long pause,
pl28,2,rabbit,rabbit,5,rabbit,5,,
pl28,3,nug,nug|,5,nugth,5,,
pl28,4,star,star,5,a star,5,,
pl28,5,tep,tap,5,tap,5,,
pl28,6,fip,fi|,5,fip(h),5,,
pl28,7,pig,a wiggle pig. I like the chicken and the donkey,5,I like the donkey. The pigs,8,child wants to go home,
pl28,8,truck,truk,5,I can't know it,3,gonna see what's this,
pl28,9,gub,gub,5,gub,5,,
pl28,10,fork,fork,5,foks,8,spontanous,
pl28,11,cup,cup,5,cup,5,,
pl28,12,gop,gop,5,gop,5,child likes to say this,
pl28,13,tig,tig,5,tig,5,child loves the task,
pl28,14,cow,cow,5,cow,5,,
pl28,15,nep,nep,5,nep,5,laughing ,
pl28,16,cat,cat,5,cat,5,,
pl29,p1,book,book,5,,,whispers,
pl29,p2,chair,chair,5,,,whispers,
pl29,p3,coat,coat,5,,,whispers,
pl29,p4,dog,dog,5,,,whispers,
pl29,1,pog,pog,5,"um, bus",5,whispers,
pl29,2,rabbit,rabbit,5,"rabbits, one, two",8,,
pl29,3,nug,nug,5,nug,5,,
pl29,4,star,star,5,stars,8,,
pl29,5,tep,tep,5,tep,5,,
pl29,6,fip,fip,5,fip,5,,
pl29,7,pig,pig,5,pigs,8,,
pl29,8,truck,truck,5,truck,5,,
pl29,9,gub,gup,5,gup,5,,
pl29,10,fork,fork,5,fork,5,,
pl29,11,cup,kep,5,cup,5,,
pl29,12,gop,gop,5,gop,5,,
pl29,13,tig,tig,5,tig,5,,
pl29,14,cow,moo,5,that's cows,8,,
pl29,15,nep,nep,5,"that's a spider, that's a rabbit",5,,
pl29,16,cat,meow,5,cat,5,,
pl30,p1,book,"no, the book",5,,,,
pl30,p2,chair,"no, chair",5,,,,
pl30,p3,coat,"no, to",2,,,,
pl30,p4,dog,"no, dot|",5,,,,
pl30,1,bug,nobug,5,bumami,3,,
pl30,2,mip,nomit,5,mama reading,3,,
pl30,3,deg,nodet|,5,0,1,,
pl30,4,frog,nowat,5,mowat,3,,
pl30,5,nop,nonop,5,nop|,5,,
pl30,6,boat,noboat,5,two boat,6,,
pl30,7,kib,no tip,5,more tib,6,,
pl30,8,teb,no teb,5,two two tep two tep,6,,
pl30,9,plate,no plate,5,two plate,6,,
pl30,10,ant,no ant,5,more ant,6,,
pl30,11,pib,no pib,5,more bib,6,hitting the chair,
pl30,12,dup,no tap,5,two tep,6,,
pl30,13,duck,no duts,5,more these,3,,
pl30,14,spoon,poon,5,two poon,6,"out, out",
pl30,15,gip,no tib,5,out,3,,
pl30,16,egg,no aight,5,two aight,6,,
pl31,p1,book,guk,5,,,mom read it in a theatrical voice,
pl31,p2,chair,chaiws,5,,,,
pl31,p3,coat,coat,5,,,,
pl31,p4,dog,gog,5,,,,
pl31,1,pog,bog,5,tree,4,,
pl31,2,rabbit,rabbit,5,rabbit,5,,
pl31,3,nug,lug,5,nut,5,,
pl31,4,star,stars,5,charch,4,charch = couch,
pl31,5,tep,tap,5,tep,5,,
pl31,6,fip,sip,5,sip,5,,
pl31,7,pig,pig,5,pig,5,,
pl31,8,truck,truck,5,"trouts, truck",5,,
pl31,9,gub,gub,5,a gub,3,,
pl31,10,fork,shark,5,shook,5,,
pl31,11,cup,cup,5,couch,4,question intonation,
pl31,12,gop,0,1,"tree, gop",3,,
pl31,13,tig,dig,5,et,2,,
pl31,14,cow,cow,5,cow,5,,
pl31,15,nep,ne|,5,tree,4,,
pl31,16,cat,cat,5,cat,5,,
pl33,p1,book,book,5,,,,
pl33,p2,chair,chair,5,,,,
pl33,p3,coat,cot',5,,,,
pl33,p4,dog,nope,5,,,,
pl33,1,pog,po|,5,0,1,,
pl33,2,rabbit,0,1,0,1,,
pl33,3,nug,0,1,0,1,,
pl33,4,star,0,1,0,1,,
pl33,5,tep,0,1,0,1,,
pl33,6,fip,0,1,0,1,,
pl33,7,pig,0,1,0,1,,
pl33,8,truck,ck,2,0,1,,
pl33,9,gub,0,1,0,1,,
pl33,10,fork,0,1,0,1,,
pl33,11,cup,0,1,0,1,,
pl33,12,gop,0,1,0,1,,
pl33,13,tig,0,1,0,1,,
pl33,14,cow,0,1,0,1,,
pl33,15,nep,0,1,0,1,,
pl33,16,cat,0,1,0,1,child yawns,
pl35,p1,book,0,1,,,,
pl35,p2,chair,chair,5,,,mom offers swiping,
pl35,p3,coat,co|,5,,,,
pl35,p4,dog,do| on couch,5,,,,
pl35,1,pog,pog,5,0,1,,
pl35,2,rabbit,rabbit tee,5,a rabbit,5,,
pl35,3,nug,nu|,5,nu|,5,,
pl35,4,star,tar on couch,5,tar,5,mom says stars,
pl35,5,tep,teps on hou,5,flow,3,,
pl35,6,fip,fip,5,fip,5,,
pl35,7,pig,pik,5,pig,5,,
pl35,8,truck,truck,5,truck,5,mom says truck,
pl35,9,gub,dub,5,bug,5,mom says gub,
pl35,10,fork,fork,5,fork,5,,
pl35,11,cup,cup|,5,cup,5,,
pl35,12,gop,gop,5,gop,5,,
pl35,13,tig,tigha,5,tig,5,,
pl35,14,cow,"moo, cow",5,cow,5,,
pl35,15,nep,nep|,5,amonth,2,,
pl35,16,cat,cath,5,cat,5,,
pl36,p1,book,0,1,,,,
pl36,p2,chair,0,1,,,,
pl36,p3,coat,0,1,,,,
pl36,p4,dog,0,1,,,,
pl36,1,bug,I don't like the ladybug,1,the ladybugs again,8,,
pl36,2,mip,no,3,two… two,6,,
pl36,3,deg,what is it,3,gigs again,8,,
pl36,4,frog,frog hop hop,5,frogs,8,,
pl36,5,nop,nop,5,no dups,8,,
pl36,6,boat,we always go on boats,8,0,1,,
pl36,7,kib,no,3,no kibs,0,,
pl36,8,teb,no,3,three,3,,
pl36,9,plate,one plate,5,two plates,8,mom says excellent,
pl36,10,ant,(something about a story),2,0,1,yawns,
pl36,11,pib,no,3,what's this… microphone,3,,
pl36,12,dup,no,3,no dups,8,,
pl36,13,duck,no,3,nothing,3,I want to go back to the room with toys,
pl36,14,spoon,no,3,no somethings,3,,
pl36,15,gip,no,3,gaps,7,,
pl36,16,egg,no,3,nothing,3,,
pl37,p1,book,0,,,,,
pl37,p2,chair,0,,,,,
pl37,p3,coat,coat,5,,,whispers,
pl37,p4,dog,dog,5,,,whispers,
pl37,1,pog,pog,5,pog,5,whispers,
pl37,2,rabbit,rabbit,5,rabbit,5,whispers,
pl37,3,nug,nug,5,nug,5,whispers,
pl37,4,star,star,5,starsh,7,whispers,
pl37,5,tep,tep,5,tep,5,whispers,
pl37,6,fip,fip,5,fip,5,whispers,
pl37,7,pig,pig,5,pig,5,,
pl37,8,truck,dump truck,5,dump truck,5,,
pl37,9,gub,guub,5,one two gubsh,7,,
pl37,10,fork,fork,5,forksh,7,,
pl37,11,cup,cup,5,cupsh,7,,
pl37,12,gop,gop,5,gopsh,7,,
pl37,13,tig,tig,5,<skips ahead>,0,,
pl37,14,cow,that's what a baby cow,5,cows,7,,
pl37,15,nep,where is its mouth,3,nepsh,7,,
pl37,16,cat,cat,5,cat,5,,
pl39,p1,book,0,5,,,,
pl39,p2,chair,chair,5,,,,
pl39,p3,coat,tot,5,,,,
pl39,p4,dog,do|,5,,,,
pl39,1,pog,po|,5,0,1,,
pl39,2,rabbit,ribbit,5,ribi,5,,
pl39,3,nug,nuh,5,nuh,5,,
pl39,4,star,tar,5,0,1,,
pl39,5,tep,te|,5,0,1,,
pl39,6,fip,fe|,5,0,1,,
pl39,7,pig,pih,5,pih,5,,
pl39,8,truck,tuch,5,tuch,5,,
pl39,9,gub,guh,5,guh,5,,
pl39,10,fork,fok,5,fok,5,,
pl39,11,cup,cupa,5,nup,5,,
pl39,12,gop,dop,5,dop,5,,
pl39,13,tig,dih,5,dih,5,,
pl39,14,cow,cow,5,cow,5,,
pl39,15,nep,nep,5,nnnnnep,5,,
pl39,16,cat,cat,5,cat,5,,
pl40,p1,book,pu,5,,,seems super young,
pl40,p2,chair,chaiw,5,,,,
pl40,p3,coat,co|,5,,,,
pl40,p4,dog,1,1,,,,
pl40,1,bug,bu,5,dada…..hello?,3,,
pl40,2,mip,mm,5,mi…..g,5,,
pl40,3,deg,de,5,a tee,4,tree,
pl40,4,frog,<cries>,2,<cries>,2,one of the cries might be a ribbit,
pl40,5,nop,fo|,5,sasa,3,,
pl40,6,boat,"bo|, a bo|",5,boat,5,,
pl40,7,kib,hip(h),5,<cries>,2,,
pl40,8,teb,tef,5,1,1,unhappy baby,
pl40,9,plate,pate,5,1,1,,
pl40,10,ant,ant,5,ant,5,,
pl40,11,pib,pi,5,a dada this,3,,
pl40,12,dup,dup,5,dup,5,,
pl40,13,duck,du|,5,<cries>,2,,
pl40,14,spoon,soon,5,1,1,cries,
pl40,15,gip,phip,5,dip,5,,
pl40,16,egg,eg(h),5,hedo hey,3,,
pl41,p1,book,1,1,,,child seems young,
pl41,p2,chair,1,1,,,,
pl41,p3,coat,1,1,,,,
pl41,p4,dog,1,1,,,,
pl41,1,pog,1,1,1,1,holds up two fingers,
pl41,2,rabbit,1,1,1,1,holds up one finger for singular,
pl41,3,nug,1,1,1,1,"holds up one finger for singular; quiet ""dadadada""",
pl41,4,star,1,1,2,2,,
pl41,5,tep,tep  x 10,5,2,2,,
pl41,6,fip,1,1,2,2,,
pl41,7,pig,1,1,2,2,,
pl41,8,truck,1,1,2,2,,
pl41,9,gub,no gub,5,none…nu one,2,none = not one,
pl41,10,fork,1,1,none,3,,
pl41,11,cup,1,1,no,2,,
pl41,12,gop,mom mou,2,2,2,,
pl41,13,tig,no,2,na ah one,2,mom describes as two of them,
pl41,14,cow,mommy,2,meme me meme,2,,
pl41,15,nep,<cries>,2,none,3,,
pl41,16,cat,no da meow,2,na ah one,3,,
pl42,p1,book,buk,5,,,children are completely mad,
pl42,p2,chair,tschai,5,,,,
pl42,p3,coat,co,5,,,,
pl42,p4,dog,dog|,5,,,,
pl42,1,bug,bug(h),5,few bugs,8,,
pl42,2,mip,mip(h),5,a mip,5,,
pl42,3,deg,deg,5,a deg again,5,,
pl42,4,frog,fwog,5,fwoggies,8,mom repeats it back,
pl42,5,nop,nop,5,nop,5,,
pl42,6,boat,boat,5,I dunno… a hole,4,,
pl42,7,kib,kib,5,kib,5,,
pl42,8,teb,teb,5,teb,5,,
pl42,9,plate,pwate,5,<untintelligible>,2,,
pl42,10,ant,ant,5,three ants,8,,
pl42,11,pib,peb,5,I watched a rabbit at my house,3,,
pl42,12,dup,"no, dup",5,"three dups, I see it",8,,
pl42,13,duck,duck,5,duck,5,,
pl42,14,spoon,spoon has an eye on it,5,spif spoons,8,,
pl42,15,gip,gip,5,<long pause> gip,5,,
pl42,16,egg,cwack on the pillow,3,<untintelligible>,2,,
pl43,p1,book,buk,5,,,,
pl43,p2,chair,chair,5,,,,
pl43,p3,coat,coat,5,,,,
pl43,p4,dog,doggy,5,,,,
pl43,1,pog,pog(h),5,1,1,,
pl43,2,rabbit,rabbit,5,rabbit,5,,
pl43,3,nug,nug,5,nug,5,,
pl43,4,star,(s)tar,5,stars,8,,
pl43,5,tep,tap|,5,tap|,5,,
pl43,6,fip,fip,5,fi…p,5,,
pl43,7,pig,pig,5,pig,5,,
pl43,8,truck,truck,5,truck,5,,
pl43,9,gub,gub,5,gubs,8,,
pl43,10,fork,for,5,fork….s,7,,
pl43,11,cup,cup,5,cups,8,,
pl43,12,gop,gop,5,gopsssss,7,,
pl43,13,tig,tig,5,tigs,8,,
pl43,14,cow,cow,5,caus,8,,
pl43,15,nep,nep|,5,nep,5,,
pl43,16,cat,cat,5,cat… cats,8,,
pl44,p1,book,1,1,,,child has super long,
pl44,p2,chair,chaaaaair,5,,,chop this out,
pl44,p3,coat,tot,5,,,,
pl44,p4,dog,dog,5,,,,
pl44,1,bug,buuuuug,5,one bug,5,how many two bugs,
pl44,2,mip,mip,5,mip,5,,
pl44,3,deg,deeeg,5,ten,5,,
pl44,4,frog,froooooog,5,froooog,5,,
pl44,5,nop,nooop,5,nop,5,,
pl44,6,boat,bot,5,boats,8,,
pl44,7,kib,kib,5,1,1,,
pl44,8,teb,"tep, tib",5,tep,5,,
pl44,9,plate,pate,5,hiw,4,,
pl44,10,ant,at,5,aaat,5,,
pl44,11,pib,kib,5,kip,5,,
pl44,12,dup,dup,5,hiiiiw,4,,
pl44,13,duck,<growls>,2,duckaduck,5,,
pl44,14,spoon,foon,5,hiiil,4,,
pl44,15,gip,gip,5,1,1,,
pl44,16,egg,egg,5,couch,4,,
pl45,p1,book,,1,,,,
pl45,p2,chair,,1,,,,
pl45,p3,coat,coat,5,,,,
pl45,p4,dog,,1,,,,
pl45,1,pog,pog,5,poga,5,no touch buttons,
pl45,2,rabbit,rabbit,5,rabbit,5,,
pl45,3,nug,nig,5,nig,5,,
pl45,4,star,star,5,star,5,momma touch the buttons,
pl45,5,tep,tep,5,tep,5,,
pl45,6,fip,fip,5,<pause>,1,,
pl45,7,pig,pig,5,pig,5,starts pre-emptively naming them,
pl45,8,truck,truck,5,truck,5,,
pl45,9,gub,guba,5,gub,5,,
pl45,10,fork,fork,5,fork,5,,
pl45,11,cup,cup,5,cup,5,,
pl45,12,gop,gop,5,gop,5,,
pl45,13,tig,tig,5,tig,5,,
pl45,14,cow,cow,5,cow,5,,
pl45,15,nep,nep,5,nep,5,,
pl45,16,cat,cat,5,cat,5,you like that book? Had lots of things. Give me fives!,
pl46,p1,book,book,5,,,,
pl46,p2,chair,chair,5,,,,
pl46,p3,coat,coat,5,,,,
pl46,p4,dog,dog,5,,,,
pl46,1,bug,ladaybug,5,bug,5,spontaneously named,
pl46,2,mip,mip,5,mip,5,,
pl46,3,deg,deg,5,deg,5,,
pl46,4,frog,frog ,5,frog,5,,
pl46,5,nop,nop,5,nop,5,,
pl46,6,boat,boat,5,boat,5,,
pl46,7,kib,kip|,5,kip,5,,
pl46,8,teb,tep,5,tep,5,,
pl46,9,plate,pate,5,pate,5,,
pl46,10,ant,ant,5,ant,5,,
pl46,11,pib,pip,5,pip,5,,
pl46,12,dup,dup,5,dup,5,,
pl46,13,duck,duck,5,duck,5,,
pl46,14,spoon,spoon,5,spoon,5,,
pl46,15,gip,gip,5,gip,5,,
pl46,16,egg,egg,5,egg,5,,
pl47,p1,book,buk,5,,,,
pl47,p2,chair,tschair,5,,,,
pl47,p3,coat,"yes, coat",5,,,,
pl47,p4,dog,dog| I love dogs,5,,,,
pl47,1,pog,"yes, pog",5,pogs,8,,
pl47,2,rabbit,rabbit callie love rabbits,5,two rabbits,8,,
pl47,3,nug,nug|,5,a nugs,8,,
pl47,4,star,"star, it's a yellows",5,sars,8,,
pl47,5,tep,tep,5,teps,8,,
pl47,6,fip,fip,5,fwip,5,,
pl47,7,pig,pig,5,pigs,8,,
pl47,8,truck,twuck,5,twuck,5,,
pl47,9,gub,gob,5,gob,5,,
pl47,10,fork,fork,5,forks,8,,
pl47,11,cup,cop with water,5,cups with waters,8,,
pl47,12,gop,gop,5,gops,8,,
pl47,13,tig,teg|,5,tegs,8,,
pl47,14,cow,cow,5,cow,5,,
pl47,15,nep,nep,5,"neps, there two neps",8,,
pl47,16,cat,cat,5,cat,5,,
pl48,p1,book,book,5,,,,
pl48,p2,chair,chair,5,,,,
pl48,p3,coat,co….t,5,,,,
pl48,p4,dog,dawg,5,,,,
pl48,1,bug,buk,5,bug,5,,
pl48,2,mip,mip,5,mip,5,whispers,
pl48,3,deg,deg,5,deg,5,,
pl48,4,frog,1,1,frog,5,whispers,
pl48,5,nop,nop,5,a nop,5,,
pl48,6,boat,a boat,5,a boat,5,,
pl48,7,kib,kit,5,kib,5,,
pl48,8,teb,this is teb? Teb,5,teb,5,,
pl48,9,plate,plate,5,plate,5,whispers,
pl48,10,ant,ant,5,ant,5,,
pl48,11,pib,pib,5,a pib,5,,
pl48,12,dup,pib,5,dup,5,,
pl48,13,duck,dog,5,a dog,5,,
pl48,14,spoon,thpoon,5,a thpoon,5,,
pl48,15,gip,gip… that'sa  gip,5,gip,5,whispers,
pl48,16,egg,big egg. I want to say a big egg,5,egg,5,,
pl49,p1,book,book,5,,,,
pl49,p2,chair,chair,5,,,,
pl49,p3,coat,cot(h),5,,,,
pl49,p4,dog,dog|,5,,,,
pl49,1,pog,pog(h),5,,2,,
pl49,2,rabbit,rait,5,bah,2,,
pl49,3,nug,nun,5,nu,5,,
pl49,4,star,<unintelligible>,2,tars,8,hugs the iPad,
pl49,5,tep,dep,1,tep,5,somehow exits Guided Access,
pl49,6,fip,bip,5,bip,5,,
pl49,7,pig,pi,5,pi,5,,
pl49,8,truck,tu,5,tru,5,,
pl49,9,gub,ku,5,gu,5,,
pl49,10,fork,por,5,buh,5,,
pl49,11,cup,cu|,5,cu|,5,,
pl49,12,gop,2,2,2,2,,
pl49,13,tig,tig,5,tig,5,,
pl49,14,cow,dow,5,dow,5,,
pl49,15,nep,me,5,me,5,,
pl49,16,cat,cat,5,duh,2,,
pl50,p1,book,boook,5,,,launches into a count list for the plural,
pl50,p2,chair,teearh,5,,,,
pl50,p3,coat,coat,5,,,,
pl50,p4,dog,doggy,5,,,,
pl50,1,bug,yadybug,5,,3,count list,
pl50,2,mip,mip,5,mip,5,,
pl50,3,deg,dek,5,deg,5,,
pl50,4,frog,froggy,5,one two three eight nine ten,3,,
pl50,5,nop,nop,5,twofa,2,,
pl50,6,boat,boot,5,boot,5,,
pl50,7,kib,tip,5,tip,5,,
pl50,8,teb,tep,5,tip,5,,
pl50,9,plate,plate,5,more plate two plate one two three eight nine ten,6,,
pl50,10,ant,ant,5,one two three eight nine ten ant,6,,
pl50,11,pib,pib,5,pit. Ipad turn on,5,,
pl50,12,dup,dup,5,dup,5,,
pl50,13,duck,duck,5,one two three eight nine ten ,3,,
pl50,14,spoon,spoon,5,one two,3,,
pl50,15,gip,gip,5,dip,5,,
pl50,16,egg,gegg,5,one two three eight nine ten ,3,,
pl51,p1,book,book,5,,,,
pl51,p2,chair,teah,5,,,,
pl51,p3,coat,tree. Tot up a tree,5,,,,
pl51,p4,dog,doggo barks,5,,,,
pl51,1,pog,a pog up a tree,5,pog,5,,
pl51,2,rabbit,raabbit,5,rabbit,5,,
pl51,3,nug,nok,5,umnog,5,,
pl51,4,star,star ,5,star,5,,
pl51,5,tep,tep,5,teeeep,5,,
pl51,6,fip,tep,5,tep,5,,
pl51,7,pig,pig,5,pigs in a tree,8,,
pl51,8,truck,dumptruck,5,dumptrucks,8,,
pl51,9,gub,dup,5,duuuup,5,,
pl51,10,fork,fork,5,fork,5,,
pl51,11,cup,tap,5,a tap,5,,
pl51,12,gop,gop,5,dop,5,,
pl51,13,tig,tiik,5,tiig,5,,
pl51,14,cow,a druss it a truss it,2,cows,8,,
pl51,15,nep,nep,5,nep,5,,
pl51,16,cat,meow yow yow ta ta ta,3,cat,5,,
pl52,p1,book,book,5,,,,
pl52,p2,chair,chair,5,,,,
pl52,p3,coat,coa|,5,,,,
pl52,p4,dog,gog,5,,,,
pl52,1,bug,bug,5,bug,5,,
pl52,2,mip,mip(h),5,1,1,,
pl52,3,deg,beg,5,1,1,,
pl52,4,frog,ribbit,5,1,1,,
pl52,5,nop,nop,5,0,0,whisper; can't hear it,
pl52,6,boat,boat,5,boat,5,,
pl52,7,kib,kib,5,kib,5,,
pl52,8,teb,teb,5,1,1,,
pl52,9,plate,pate,5,pate,5,,
pl52,10,ant,ants,5,2,2,,
pl52,11,pib,pib,5,couch,4,,
pl52,12,dup,guch,5,hill,4,,
pl52,13,duck,deck,5,house,4,,
pl52,14,spoon,poon,5,hill,4,,
pl52,15,gip,sip... gip,5,hill it's a g,4,,
pl52,16,egg,ek,5,couch,4,,
pl54,p1,book,book,5,,,,
pl54,p2,chair,chair,5,,,,
pl54,p3,coat,co,5,,,,
pl54,p4,dog,dog,5,,,,
pl54,1,bug,bug,5,1,1,,
pl54,2,mip,mip,5,mip,5,,
pl54,3,deg,deg,5,deg,5,,
pl54,4,frog,fwog,5,fwog,5,,
pl54,5,nop,nup,5,nup,5,,
pl54,6,boat,boats,8,boat boat,6,,
pl54,7,kib,kip,5,kip,5,,
pl54,8,teb,tib,5,tib,5,,
pl54,9,plate,plates,8,plate plates,6,,
pl54,10,ant,ants,5,a ladybug,5,,
pl54,11,pib,pib,5,pib,5,,
pl54,12,dup,dup,5,1,1,,
pl54,13,duck,duck,5,duck duck duck,6,clear enumeration,
pl54,14,spoon,spoon,,1,1,,
pl54,15,gip,1,1,<skipped>,0,,
pl54,16,egg,egg,5,<skipped>,0,,
pl57,p1,book,book,5,,,good candidate for video,
pl57,p2,chair,chair,5,,,starts off quiet,
pl57,p3,coat,coat,5,,,,
pl57,p4,dog,dog,5,,,,
pl57,1,pog,(p/b)og,5,pogs,8,,
pl57,2,rabbit,rabbit,5,rabbits (in the tree),5,,
pl57,3,nug,nug,5,nug,5,,
pl57,4,star,a star,5,stars,8,,
pl57,5,tep,tep,5,tep,5,whispers,
pl57,6,fip,fip,5,nep,5,wrong word,
pl57,7,pig,pig,5,pig,5,,
pl57,8,truck,truck,5,trucks,8,,
pl57,9,gub,gub,5,gub,5,,
pl57,10,fork,fork,5,forks,8,,
pl57,11,cup,cup,5,cup,5,,
pl57,12,gop,gop,5,gop,5,,
pl57,13,tig,tig,5,tig,5,,
pl57,14,cow,cow,5,cows,8,long pause,
pl57,15,nep,nep,5,nep,5,,
pl57,16,cat,cat,5,cat,5,,
pl59,p1,book,,0,,,,
pl59,p2,chair,chair,5,,,,
pl59,p3,coat,cot,5,,,,
pl59,p4,dog,bear -- dog in couch,5,,,,
pl59,1,pog,pog in a tree,5,two pogs,8,,
pl59,2,rabbit,rabbit in a tree,5,two rabbits in a tree,8,,
pl59,3,nug,nug,5,two nugs,8,,
pl59,4,star,star on a couch,5,two stars on the couch,8,,
pl59,5,tep,tep on the --  in a house,5,two teps,8,,
pl59,6,fip,fip that's funny,5,two fips,8,,parent repeats it back
pl59,7,pig,pig,5,oh two pigs on a tree,8,,
pl59,8,truck,dump truck,5,two dump trucks,8,,parent repeats it back
pl59,9,gub,funny that that's a gub,5,two gumbs,8,,parent repeats it back
pl59,10,fork,one fork,5,two forks,8,,parent repeats it back
pl59,11,cup,couch,5,two cups on the couch,8,,parent repeats it back
pl59,12,gop,gops are funny,8,two gops,8,,parent repeats it back
pl59,13,tig,tig,5,two tigs,8,,parent repeats it back
pl59,14,cow,cow,5,two cows,8,,parent repeats it back
pl59,15,nep,nep,5,two neps,8,,parent repeats it back
pl59,16,cat,cat,5,two cats,8,,parent repeats it back
pl61,p1,book,bu(t),5,,,,
pl61,p2,chair,teah,5,,,,
pl61,p3,coat,hoat,5,,,,
pl61,p4,dog,daw,5,,,,child gets prosody but not consonants
pl61,1,pog,daw right there,3,that is hot,3,,
pl61,2,rabbit,ra(b)i ,5,ma® ir,3,,more rabbit?
pl61,3,nug,nuh,5,dhia,3,,
pl61,4,star,tar,5,tats,7,,
pl61,5,tep,tep,5,he(p),5,,
pl61,6,fip,fip,5,(h)i(p),5,,
pl61,7,pig,it's a (p)i(g),5,(p)i(g),5,,
pl61,8,truck,(tr)u(ck),5,(tr)u(ck),5,,
pl61,9,gub,druh,5,druh,5,,
pl61,10,fork,hork,5,hork,5,,
pl61,11,cup,<unintelligiible>,3,cup,5,,
pl61,12,gop,(g)o(p),5,(g)o(p),5,,
pl61,13,tig,hi(g),5,hi(g),5,,
pl61,14,cow,how,5,<objects>,2,,
pl61,15,nep,nep,5,nep,5,,
pl61,16,cat,no gonna read the book,3,hat,5,,
pl62,p1,book,no; need a giraffe,3,,,,
pl62,p2,chair,chair,5,,,,
pl62,p3,coat,tree; a jacket,5,,,,
pl62,p4,dog,a dog,5,,,,
pl62,1,bug,a bu(g),5,a bugs,8,,
pl62,2,mip,mip,5,parent asks how many <counts to three>,1,experimenter asked the dad to not ask how many / follow the prompts,
pl62,3,deg,a deg,5,degs,8,,
pl62,4,frog,frog,5,a frog frog frogs,8,,
pl62,5,nop,nop,5,nop(s),7,,
pl62,6,boat,boat,5,boats,8,,
pl62,7,kib,kib,5,kib,5,,
pl62,8,teb,teb,5,teb,5,,
pl62,9,plate,plate,5,plate,5,,
pl62,10,ant,"no, a spider",5,spugs,8,unclear what the response is -- spider x bugs?,
pl62,11,pib,pib,5,pib,5,,
pl62,12,dup,dip,5,dup,5,,
pl62,13,duck,duck,5,duck,5,,
pl62,14,spoon,soon,5,spoons ,8,,
pl62,15,gip,gip,5,gip,5,,
pl62,16,egg,egg,5,egg,5,,
pl64,p1,book,book,5,,,whispers,
pl64,p2,chair,1,1,,,child blows a raspberry,
pl64,p3,coat,coat,5,,,,
pl64,p4,dog,dog,5,,,,
pl64,1,bug,bug,5,<mouth noises>,2,,
pl64,2,mip,mip,5,mik,5,,
pl64,3,deg,degha,5,de(g/k),5,,
pl64,4,frog,fo(g/k),5,fo(g/k),5,,
pl64,5,nop,nop(h),5,not,5,,
pl64,6,boat,boapt(h),5,boat(h),5,,
pl64,7,kib,tib,5,dik,5,,
pl64,8,teb,<unintelligible>,3,dik,5,very similar response to the previous,
pl64,9,plate,pate,5,pate,5,,
pl64,10,ant,ant,5,ant,5,,
pl64,11,pib,pib,5,pib,5,,
pl64,12,dup,dup,5,dug,5,,
pl64,13,duck,duck,5,duck,5,,
pl64,14,spoon,soon,5,fork,5,,
pl64,15,gip,gib,5,gip,5,,
pl64,16,egg,eggha,5,eggha,5,,
pl66,p1,book,book,5,,,,
pl66,p2,chair,chair,5,,,,
pl66,p3,coat,coat,5,,,,
pl66,p4,dog,dog,5,,,,
pl66,1,bug,bug,5,what's in the house? Bug,5,,
pl66,2,mip,mip,5,mip,5,,
pl66,3,deg,deg,5,deg,5,,
pl66,4,frog,ribbit ribbit rog,5,fwog,5,,
pl66,5,nop,what's in the nop,5,nop,5,,
pl66,6,boat,boat,5,boats,8,,
pl66,7,kib,kib,5,kib,5,,
pl66,8,teb,teb,5,teb,5,,
pl66,9,plate,plate,5,plates,8,,
pl66,10,ant,ant,5,ants,8,,
pl66,11,pib,pib,5,pibs,8,,
pl66,12,dup,dup,5,dups,8,,
pl66,13,duck,duck,5,well open it -- ducks,8,,
pl66,14,spoon,spoon,5,spoons ,8,,
pl66,15,gip,gip,5,gips,8,,
pl66,16,egg,egg there's a duck in there,5,eggs,8,,
pl67,p1,book,boo(t),5,,,"second child, 0;10 in room, crying",
pl67,p2,chair,cha(y)ur,5,,,,
pl67,p3,coat,coat,5,,,,
pl67,p4,dog,dod,5,,,,
pl67,1,pog,pod,5,pod,5,,
pl67,2,rabbit,rabbit,5,rabbit,5,,
pl67,3,nug,dug,5,dut,5,parent replies with plural,
pl67,4,star,tor,5,tar,5,,
pl67,5,tep,tap,5,tap,5,,
pl67,6,fip,fip,5,fip,5,,
pl67,7,pig,pid,5,pid,5,,
pl67,8,truck,kuk,5,hut,5,,
pl67,9,gub,gub,5,gub,5,,
pl67,10,fork,fort,5,fort,5,child 2 starts crying again,
pl67,11,cup,cup,5,cup,5,,
pl67,12,gop,gop,5,gop,5,,
pl67,13,tig,tig,5,<missing data>,0,,
pl67,14,cow,a cow,5,cow,5,,
pl67,15,nep,dip,5,dip,5,"wrong word, kinda",
pl67,16,cat,cat,5,cat,5,,
pl55,p1,book,book,5,,,,
pl55,p2,chair,(ch)air,5,,,,
pl55,p3,coat,coat,5,,,,
pl55,p4,dog,dog,5,,,,
pl55,1,pog,a (p)og,5,pogs,8,,
pl55,2,rabbit,rab(v)uh,5,rabvuh ,5,,
pl55,3,nug,nug on house,5,nugs on the hill,8,,
pl55,4,star,star,5,two stars on the couch,8,,
pl55,5,tep,tep on the house,5,tep in the house,5,,
pl55,6,fip,fip,5,two fips on the couch,8,,
pl55,7,pig,pig on the tree,5,pigs on the tree,8,,
pl55,8,truck,truck,5,truck on (couch),5,,
pl55,9,gub,gu(b),5,gubs in the house,8,,
pl55,10,fork,fork,5,two forks on a hill,8,,
pl55,11,cup,cup,5,cup on the house,5,,
pl55,12,gop,gop,5,two gops on the tree,8,,
pl55,13,tig,tig,5,tigs on the hill,8,,
pl55,14,cow,cow,5,cow,5,,
pl55,15,nep,nep,5,neps in the tree,8,,
pl55,16,cat,cat,5,cats in the house,8,,
pl21,p1,book,book,5,,,,
pl21,p2,chair,chair,5,,,,
pl21,p3,coat,coat,5,,,,
pl21,p4,dog,dog,5,,,,
pl21,1,pog,pog,5,a pog,5,,
pl21,2,rabbit,a bunny,5,a bunny,5,,
pl21,3,nug,no,3,a nug,5,,
pl21,4,star,star,5,star,5,,
pl21,5,tep,tep,5,a tep,5,,
pl21,6,fip,fip,5,a fip,5,,
pl21,7,pig,pig,5,a pig,5,,
pl21,8,truck,truck,5,a truck,5,,
pl21,9,gub,gub,5,a gub,5,,
pl21,10,fork,fork,5,a fork,5,,
pl21,11,cup,cup,5,a cup,5,I'm thirsty,
pl21,12,gop,gup,5,a gupf,5,,
pl21,13,tig,a tig,5,a tig,5,,
pl21,14,cow,cow,5,a cow,5,,
pl21,15,nep,nep,5,a nep,5,,
pl21,16,cat,cat,5,a cat,5,,
pl79,p1,book,in a barn.... barn,4,,,,
pl79,p2,chair,a chair,5,,,,
pl79,p3,coat,a coat,5,,,,
pl79,p4,dog,dog,5,,,,
pl79,1,pog,pog,5,another pog... um pog pog,5,,
pl79,2,rabbit,rabbit,5,another rabbit,6,,
pl79,3,nug,nug,5,a nug,5,,
pl79,4,star,a star,5,and now there are two stars! two stars! a star,8,,
pl79,5,tep,tep,5,another tap;  a tap,5,,
pl79,6,fip,fip,5,fip fip,5,little bit of a meltdown here,
pl79,7,pig,pig,5,a pig.. I wanna see a ,5,,
pl79,8,truck,no it's a dump truck,5,two dump trucks,8,,
pl79,9,gub,a gub,5,a gub,5,,
pl79,10,fork,fork,5,foo foo foo,3,,
pl79,11,cup,milk.... pup,3,a milk.... there milk on the couch,3,,
pl79,12,gop,I want to play with truck... hmm dump trucks,3,I want to play dump trucks,3,,
pl79,13,tig,<silence>,1,a tuck a daf,3,another meltdown,
pl79,14,cow,cow in a barn,5,cow,5,,
pl79,15,nep,nep,5,a nep.. nep... nep,5,,
pl79,16,cat,kitty cat.... kak,5,cat cat cat,5,,
pl81,p1,book,buk,5,,,,
pl81,p2,chair,chai,5,,,,
pl81,p3,coat,coat,5,,,,
pl81,p4,dog,doggy woof,5,,,,
pl81,1,bug,bug,5,bug,5,,
pl81,2,mip,mip,5,house,5,,
pl81,3,deg,egh,5,tee <inaudible>,2,,
pl81,4,frog,okay... okay,3,okay,3,,
pl81,5,nop,<silence>,1,couch...couch,4,,
pl81,6,boat,boat,5,<silence>,1,,
pl81,7,kib,kib,5,house,4,,
pl81,8,teb,teb,5,couch teb couch,5,,
pl81,9,plate,plate,5,hill,4,,
pl81,10,ant,ant in the tree,5,tree,4,,
pl81,11,pib,couch,4,couch,4,,
pl81,12,dup,du,5,<silence>,1,,
pl81,13,duck,quack quack,3,duck house,5,,
pl81,14,spoon,hi(ll),4,<silence>,1,,
pl81,15,gip,<silence>,1,<silence>,1,,
pl81,16,egg,egg couch,5,<silence>,1,,
pl82,p1,book,book,,,,,
pl82,p2,chair,the chair,,,,,
pl82,p3,coat,coat in a tee; coats in a tree,,,,,
pl82,p4,dog,look a dog; a dog,,,,,
pl82,1,bug,look the bug,5,the bugs,8,parent repeats the plural,
pl82,2,mip,mip,5,mips,8,,
pl82,3,deg,degs,8,deg,5,,
pl82,4,frog,frog,5,a frog could I hold it,5,,
pl82,5,nop,a nop,5,nops two nops,8,parent repeats the plural,
pl82,6,boat,boat,5,a boat,5,,
pl82,7,kib,kib,5,kib kib,5,,
pl82,8,teb,look a teb,5,tebs,8,,
pl82,9,plate,pate,5,pates,8,parent repeats the child's response,
pl82,10,ant,ant,5,a ant,5,,
pl82,11,pib,"a pib, what did the pib say",5,pibs,8,parent repeats the child's response,
pl82,12,dup,dub I say dup a dub,5,I say that,3,,
pl82,13,duck,duck gack gack,5,ducks,8,,
pl82,14,spoon,phoon,5,phooz two phooz,8,,
pl82,15,gip,a gip,5,a gip,5,,
pl82,16,egg,egg a egg,5,a egg a egg mummy,5,,
pl83,p1,book,book,5,,,,
pl83,p2,chair,chair,5,,,,
pl83,p3,coat,coat,5, ,,,
pl83,p4,dog,doggy,5,,,,
pl83,1,pog,pog,5,pogs,8,,
pl83,2,rabbit,riddit,5,bunnies,8,,
pl83,3,nug,nug,5,nug,5,,
pl83,4,star,star,5,tar,5,,
pl83,5,tep,tep,5,a weird flower,3,,
pl83,6,fip,fip,5,fip,5,,
pl83,7,pig,p(i/e)/g,5,p(i/e)/g,5,,
pl83,8,truck,truck,5,truck,5,,
pl83,9,gub,gub,5,gub,5,,
pl83,10,fork,fork,5,forks,8,,
pl83,11,cup,milk... cup of milk,5,cup of milk,5,,
pl83,12,gop,gop,5,gop,5,,
pl83,13,tig,tig,5,tig,5,,
pl83,14,cow,cow,5,cow,5,,
pl83,15,nep,<silence>,2,nep,5,,
pl83,16,cat,bunny,3,cat,5,,
pl84,p1,book,<missing>,0,,,,
pl84,p2,chair,chai,5,,,,
pl84,p3,coat,tot,5,,,,
pl84,p4,dog,dod,5,,,,
pl84,1,bug,bu(g/d),5,<silence>,1,,
pl84,2,mip,mip,5,mip,5,,
pl84,3,deg,det,5,det,5,,
pl84,4,frog,fraw,5,fraw,5,,
pl84,5,nop,not,5,<silence>,1,,
pl84,6,boat,boat,5,boat,5,,
pl84,7,kib,tib,3,tib in house,5,,
pl84,8,teb,teb,5,<silence>,1,,
pl84,9,plate,<silence>,1,<silence>,1,,
pl84,10,ant,ant,5,<silence> no,1,,
pl84,11,pib,no ,3,no,3,,
pl84,12,dup,dot,5,<silence>,1,,
pl84,13,duck,duck,5,<silence>,1,,
pl84,14,spoon,poon,5,<silence>,1,,
pl84,15,gip,<silence>,1,<silence>,1,,
pl84,16,egg,egg,5,an egj,5,,
pl85,p1,book,boo,5,,,,
pl85,p2,chair,chai,5,,,,
pl85,p3,coat,cot,5,,,,
pl85,p4,dog,daw,5,,,,
pl85,,pog,pog,5,<silence>,1,,
pl85,,rabbit,rabbit,5,two rabbit,6,,
pl85,,nug,<silence>,1,<silence>,1,little bit of a meltdown,
pl85,,star,tar,5,"ska, two... three",6,parent asks how many,
pl85,,tep,tep,5,two tep,6,,
pl85,,fip,fi[p],5,fip two five,5,,
pl85,,pig,pi[g],5,pi[g],5,,
pl85,,truck,ku,5,ku,5,,
pl85,,gub,gub,5,gub,5,,
pl85,,fork,for,5,for,5,,
pl85,,cup,bottle,3,cup,5,,
pl85,,gop,bop,5,gop,5,,
pl85,,tig,tih,5,<too loud>,0,,
pl85,,cow,cow,5,cow,5,,
pl85,,nep,ne[p],5,ne[p],5,,
pl85,,cat,tat,5,tat,5,,
pl86,p1,book,book,5,,,,
pl86,p2,chair,chayuh,5,,,,
pl86,p3,coat,cot,5,,,,
pl86,p4,dog,dogh,5,,,,
pl86,1,bug,bugh,5,bug,5,,
pl86,2,mip,mip,5,mips,8,,
pl86,3,deg,deg,5,deg,5,,
pl86,4,frog,fwahg,5,fwahg,5,,
pl86,5,nop,nop,5,nop mop,5,,
pl86,6,boat,boat,5,boat,5,,
pl86,7,kib,kib,5,kib,5,,
pl86,8,teb,teb,5,teb,5,,
pl86,9,plate,pwate,5,pwate,5,,
pl86,10,ant,ant,5,ant,5,,
pl86,11,pib,pib,5,pib,5,,
pl86,12,dup,dup,5,dup,5,,
pl86,13,duck,duck,5,duck,5,,
pl86,14,spoon,poon,5,poon,5,,
pl86,15,gip,gip,5,gip,5,,
pl86,16,egg,egg,5,egg,5,,
pl88,p1,book,book,5,,,,
pl88,p2,chair,chaia,5,,,,
pl88,p3,coat,cot,5,,,,
pl88,p4,dog,gog,5,,,,
pl88,1,pog,pok,5,"a there, a kok",5,,
pl88,2,rabbit,a rabbit rabbit,5,a rabbitstree,8,,
pl88,3,nug,nug,5,nug,5,,
pl88,4,star,star,5,one stars,8,,
pl88,5,tep,a tep,5,tep,5,,
pl88,6,fip,fip,5,a fip,5,,
pl88,7,pig,pig,5,a pig,5,,
pl88,8,truck,truck,5,truck,5,,
pl88,9,gub,gub,5,"gub, gups",8,,
pl88,10,fork,a fork,5,a fork,5,,
pl88,11,cup,cup,5,cup a cup,5,,
pl88,12,gop,gop,5,gop,5,,
pl88,13,tig,tig,5,tig,5,,
pl88,14,cow,"a cow, cow",5,cow,5,,
pl88,15,nep,nep,5,nep,5,,
pl88,16,cat,cat,5,cat,5,,
pl89,p1,book,book,5,,,whispers it,
pl89,p2,chair,chair,5,,,whispers it,
pl89,p3,coat,this,3,,,,
pl89,p4,dog,gog,5,,,,
pl89,1,bug,bugh,5,bug,5,,
pl89,2,mip,pip,5,pip... house,5,,
pl89,3,deg,deg,5,guk two gops,3,,
pl89,4,frog,fwahg,5,two fwaghs,5,,
pl89,5,nop,gop,5,gup,5,,
pl89,6,boat,boat boat pretty boat,5,boats,5,,
pl89,7,kib,kib,5,kib,5,,
pl89,8,teb,teeb,5,ten I want here,5,,
pl89,9,plate,pwate,5,<incomprehensible> pwate,5,,
pl89,10,ant,ant,5,<sighs>,1,,
pl89,11,pib,tip,5,tib,5,,
pl89,12,dup,tip,5,<shooting noises>,2,,
pl89,13,duck,guk,5,kuck,5,,
pl89,14,spoon,<shooting noises>,2,<shooting noises; whispers phoon>,5,,
pl89,15,gip,gip,5,<skips ahead>,0,,
pl89,16,egg,egg,5,egg couch,5,,
pl90,p1,book,<missing>,0,,,,
pl90,p2,chair,<missing>,0,,,,
pl90,p3,coat,<missing>,0,,,,
pl90,p4,dog,<missing>,0,,,,
pl90,1,bug,<child yells>,2,more house,3,parent refers to plural bugs when trying to elicit a response,
pl90,2,mip,no,3,mip,5,,
pl90,3,deg,tee,3,more,6,,
pl90,4,frog,fwahg,5,fwahg,5,parent corrects the child with the plural,
pl90,5,nop,poof poof poof,3,<asks to hold it>,3,,
pl90,6,boat,boat,5,a more boat,6,,
pl90,7,kib,no,3,more,6,,
pl90,8,teb,<silence>,1,more,6,,
pl90,9,plate,pate,5,fu da,3,,
pl90,10,ant,an ant in my house,5,ant,5,,
pl90,11,pib,no,3,no,3,,
pl90,12,dup,no,3,no,3,,
pl90,13,duck,a duck at my house,5,more ducky,6,really good example of child-directed speech,
pl90,14,spoon,spok,3,spo,5,,
pl90,15,gip,no,3,<silence>,0,,
pl90,16,egg,"ball,egg",5,<silence>,0,attempts to eat egg off ipad,
pl91,p1,book,no... house,3,,,,
pl91,p2,chair,chaiw,5,,,repeating parent,
pl91,p3,coat,a cot,5,,,repeating parent,
pl91,p4,dog,a dog,5,,,repeating parent,
pl91,1,pog,pog,5,what in a tree,4,repeating parent,
pl91,2,rabbit,wabbit... hops,5,what's in a tree... pops,4,,
pl91,3,nug,nug,5,what's on the hill,4,"repeating parent, then announces ""i farted""",
pl91,4,star,star... it's a big star,5,star,5,,
pl91,5,tep,tep,5,tep,5,,
pl91,6,fip,fip,5,tep,3,,
pl91,7,pig,pig,5,what's in a tree...pig,5,,
pl91,8,truck,tuck,5,truck,5,,
pl91,9,gub,gub,5,<incomprehensible>,2,,
pl91,10,fork,"fork on the hill, roll roll",5,a fork,5,,
pl91,11,cup,cup,5,the tablet. this is a tablet,3,,
pl91,12,gop,gop,5,gub,5,,
pl91,13,tig,tig oops we pressed a button,5,teb,3,,
pl91,14,cow,"cow, mooo",5,a cow,5,,
pl91,15,nep,nep,5,nap,5,,
pl91,16,cat,cat,5,the cat,5,,
pl93,p1,book,book,5,,,,
pl93,p2,chair,chewh,5,,,,
pl93,p3,coat,tot,5,,,,
pl93,p4,dog,ya <woofs>,3,,,,
pl93,1,pog,<chortles>,2,<screams>,3,,
pl93,2,rabbit,<screams>,2,a rabbits,8,,
pl93,3,nug,nug,5,nug,5,"parent provides feedback ""there are two nugs""",
pl93,4,star,stahs,8,stars,8,"parent says ""there are two stars""",
pl93,5,tep,<high pitched> tep tep tep,5,tep,5,"parent says ""that's too teps""",
pl93,6,fip,fip,5,<silence>,1,that is two fips,
pl93,7,pig,a ig,5,a pig,5,,
pl93,8,truck,<beeping noise>,3,<one syllable>,2,"parent says ""two trucks""",
pl93,9,gub,gub,5,gub,5,"parent says ""two gubs""",
pl93,10,fork,vok,5,fork,5,"parent says ""two forks""",
pl93,11,cup,dup,5,"<clicks, screams>",2,,
pl93,12,gop,gop,5,gop,5,,
pl93,13,tig,<silence>,1,<silence>,1,,
pl93,14,cow,moo,3,<silence>,1,,
pl93,15,nep,nep,5,nep,5,child finds video game controller and gets totally distracted,
pl93,16,cat,<scream meows>,3,cats,8,,
pl94,p1,book,book,5,,,,
pl94,p2,chair,chaya ya,5,,,,
pl94,p3,coat,cot,5,,,,
pl94,p4,dog,"doggy, gok",5,,,,
pl94,1,bug,buk ,5,buk,5,,
pl94,2,mip,m(schwa)p,5,<other material>,2,,
pl94,3,deg,<other material>,2,a froggy,0,skiped ahead,
pl94,4,frog,frog,5,frog,5,,
pl94,5,nop,nop,5,mok,3,,
pl94,6,boat,boat,5,<silence>,1,,
pl94,7,kib,<silence>,1,<silence>,1,,
pl94,8,teb,<silence>,1,<silence>,1,,
pl94,9,plate,<silence>,1,<silence>,1,,
pl94,10,ant,<silence>,1,<silence>,1,,
pl94,11,pib,pib,5,<silence>,1,,
pl94,12,dup,<silence>,1,<silence>,1,,
pl94,13,duck,buk ,5,<silence>,1,,
pl94,14,spoon,poon,5,<silence>,1,,
pl94,15,gip,gip,5,hmm,3,,
pl94,16,egg,egg,5,egg,5,,
pl95,p1,book,book,5,,,,
pl95,p2,chair,chaia,5,,,,
pl95,p3,coat,cot,5,,,,
pl95,p4,dog,dog,5,,,,
pl95,1,pog,pog(schwa),5,pog,5,,
pl95,2,rabbit,rabbit,5,bunny,5,,
pl95,3,nug,nug,5,nugh,5,,
pl95,4,star,star,5,star,5,,
pl95,5,tep,t(shwa)p,5,t(shwa)p,5,,
pl95,6,fip,fip,5,fip,5,,
pl95,7,pig,p(schwa)g,5,p(schwa)g,5,,
pl95,8,truck,t(shwa)k,5,t(shwa)k,5,,
pl95,9,gub,gub,5,dug gub,5,,
pl95,10,fork,fork,5,fork,5,,
pl95,11,cup,nug nuk tup nuk,5,<silence>,1,,
pl95,12,gop,dup,3,<silence>,1,,
pl95,13,tig,tig,5,<silence>,1,,
pl95,14,cow,cow,5,cow,5,,
pl95,15,nep,nep,5,nope,5,,
pl95,16,cat,tat,5,hat,5,,
pl96,p1,book,book,5,,,,
pl96,p2,chair,tschai,5,,,,
pl96,p3,coat,coat,5,,,,
pl96,p4,dog,a puppy dog,5,,,,
pl96,1,bug,a buggy,5,two buggies,8,,
pl96,2,mip,mip,5,two mips,8,parent repeats it back,
pl96,3,deg,deg,5,two degs,8,,
pl96,4,frog,frog,5,two froggies,8,,
pl96,5,nop,nop,5,two nops,8,,
pl96,6,boat,boat,5,two boats,8,,
pl96,7,kib,kib,5,two kibs,8,,
pl96,8,teb,teb,5,two tebs,8,,
pl96,9,plate,plate,5,two plates,8,,
pl96,10,ant,ant,5,two ants,8,,
pl96,11,pib,pib,5,two pibs,8,,
pl96,12,dup,dup,5,two dups,8,,
pl96,13,duck,duck,5,two ducks,8,,
pl96,14,spoon,poon,5,two poons,8,,
pl96,15,gip,gip,5,two... two gips,8,,
pl96,16,egg,egg,5,two,6,,
pl97,p1,book,book,5,,,,
pl97,p2,chair,chaia,5,,,,
pl97,p3,coat,coat,5,,,,
pl97,p4,dog,tog,5,,,,
pl97,1,pog,pog,5,pog,5,"parent says ""two pogs""",
pl97,2,rabbit,rabbit,5,rabbit,5,,
pl97,3,nug,nug,5,nug,5,,
pl97,4,star,star,5,stars it look like,8,,
pl97,5,tep,tep,5,tep,5,,
pl97,6,fip,fip,5,fip on the couch,5,,
pl97,7,pig,p(h)ig,5,pig two three,6,,
pl97,8,truck,truck ,5,two trucks in a tree,8,,
pl97,9,gub,gub,5,gub,5,,
pl97,10,fork,fork,5,spoons fork,8,,
pl97,11,cup,cup,5,cup,5,,
pl97,12,gop,gop,5,gop,5,,
pl97,13,tig,tig,5,tig,5,,
pl97,14,cow,cow,5,cows,8,,
pl97,15,nep,nep,5,nep,5,,
pl97,16,cat,cat,5,cat,5,,
pl98,p1,book,<silence>,1,,,,
pl98,p2,chair,<silence>,1,,,,
pl98,p3,coat,<silence>,1,,,,
pl98,p4,dog,dog,5,,,,
pl98,1,bug,<incomprehensible>,2,<incomprehensible>,2,,
pl98,2,mip,mip,5,a mip,5,,
pl98,3,deg,deg,5,"bush, ice cream",3,,
pl98,4,frog,frog,5,a frog,5,,
pl98,5,nop,nop,5,<silence>,1,"parent says ""that's okay""",
pl98,6,boat,boat,5,a boat,5,,
pl98,7,kib,kib,5,a kib,5,,
pl98,8,teb,teb(uh),5,teb(uh),5,,
pl98,9,plate,plate,5,twate,5,,
pl98,10,ant,ant,5,<silence>,1,"parent says ""that's okay""",
pl98,11,pib,pib(uh),5,a pib(uh),5,,
pl98,12,dup,dup,5,dup,5,,
pl98,13,duck,duck,5,"a gup, duck",5,,
pl98,14,spoon,spoon,5,spoon(uh),5,,
pl98,15,gip,gip,5,gip,5,,
pl98,16,egg,egg,5,a egg,5,,
pl99,p1,book,book,5,,,,
pl99,p2,chair,chair,5,,child says chair unprompted,,
pl99,p3,coat,coat,5,,,,
pl99,p4,dog,dog,5,,,,
pl99,1,pog,pog,5,pog,5,long vowel,
pl99,2,rabbit,bunny rabbit,5,bunny,5,,
pl99,3,nug,neg,5,neg,5,,
pl99,4,star,stahhhh,5,stag,5,,
pl99,5,tep,tep,5,dunno tep,5,,
pl99,6,fip,fip,5,<unintelligible> fip,5,,
pl99,7,pig,pig,5,pig,5,,
pl99,8,truck,truck ,5,truck,5,,
pl99,9,gub,gub,5,gub,5,,
pl99,10,fork,fork,5,truck fork,5,,
pl99,11,cup,sammy cup,5,baby cup,5,,
pl99,12,gop,gop,5,dunno,3,,
pl99,13,tig,tig,5,dunno tig,5,,
pl99,14,cow,nope cowww,5,"doggy, doggy",5,,
pl99,15,nep,nep,5,nep,5,,
pl99,16,cat,cat,5,dunno cat,5,,
pl100,p1,book,[]ook,5,,,,
pl100,p2,chair,chaiw,5,,,,
pl100,p3,coat,cok,5,,,,
pl100,p4,dog,tah,5,,,,
pl100,1,bug,guh,3,guh,3,,
pl100,2,mip,mip,5,mip,5,,
pl100,3,deg,deg,5,deh,5,,
pl100,4,frog,fwah,5,fwah,5,,
pl100,5,nop,nnnn,2,<silence>,1,,
pl100,6,boat,bop,5,two bop,6,,
pl100,7,kib,tub,2,<silence>,1,<silence>,
pl100,8,teb,tuh,2,<silence>,1,,
pl100,9,plate,pate,5,pip,3,,
pl100,10,ant,dee vif,2,vif,3,,
pl100,11,pib,pum,2,<silence>,1,,
pl100,12,dup,dup,5,dup,5,,
pl100,13,duck,duck,5,<silence>,1,,
pl100,14,spoon,poon,5,poons,8,,
pl100,15,gip,bip,5,bip,5,,
pl100,16,egg,mama,3,eh,5,,
pl101,p1,book,book,5,,very quiet,,
pl101,p2,chair,[]euh,5,,examples of morphophonological dev; clear knowledge of the plural,,
pl101,p3,coat,coat,5,,,,
pl101,p4,dog,dog,5,,,,
pl101,1,pog,pahg,5,"two pogs, two pogs",8,,
pl101,2,rabbit,rabbit,5,two rabbits,8,,
pl101,3,nug,nug,5,nugs,8,,
pl101,4,star,star,5,two stars on the couch(t),8,,
pl101,5,tep,tep,5,two teps,8,,
pl101,6,fip,f(w)ip,5,two fipp(uh)s,7,,
pl101,7,pig,p[h]ig,5,two pigs in it,8,,
pl101,8,truck,truck ,5,two trucks in it,8,,
pl101,9,gub,gub,5,gubs,8,,
pl101,10,fork,fork,5,forkes,7,,
pl101,11,cup,cup,5,cups in it,8,,
pl101,12,gop,gop,5,gopses,7,,
pl101,13,tig,tig,5,tigs,8,,
pl101,14,cow,cow,5,cowe(z)sh,8,,
pl101,15,nep,nep,5,neps,8,,
pl101,16,cat,cat,5,cats,8,,
pl103,p1,book,book,5,,,good example of marking plural numerically but not phonologically,
pl103,p2,chair,chai(r),5,,,,
pl103,p3,coat,tok,5,,,,
pl103,p4,dog,dogh,5,,,,
pl103,1,bug,buh,5,buh(g),5,,
pl103,2,mip,mip,5,a mip,5,,
pl103,3,deg,d(a)g,5,d(a)g,5,,
pl103,4,frog,fwog,5,two fwog,6,,
pl103,5,nop,nop,5,nop,5,,
pl103,6,boat,boat,5,two boat,6,,
pl103,7,kib,tib,5,ti(b\p)h,5,,
pl103,8,teb,deb,5,deb,5,,
pl103,9,plate,pate,5,two pate,6,,
pl103,10,ant,ant,5,two ant,6,,
pl103,11,pib,bib,5,bib,5,,
pl103,12,dup,dup,5,dup,5,,
pl103,13,duck,duck,5,two duck,6,,
pl103,14,spoon,poon,5,um poon,5,,
pl103,15,gip,dip,5,um dip,5,,
pl103,16,egg,egg,5,two egg,6,,
pl104,p1,book,book,5,,,,
pl104,p2,chair,chai(w),5,,,,
pl104,p3,coat,coat,5,,,,
pl104,p4,dog,d(ah)g,5,,,,
pl104,1,pog,pog,5,<long silence> pog,5,,
pl104,2,rabbit,wabbit,5,wabbit,5,,
pl104,3,nug,nug,5,nug,5,,
pl104,4,star,star,5,star,5,,
pl104,5,tep,tep,5,tep,5,,
pl104,6,fip,f(wi)ip,5,fip,5,,
pl104,7,pig,pig,5,a pig,5,,
pl104,8,truck,twuck,5,twuck,5,,
pl104,9,gub,gu_ub,5,gubes,7,,
pl104,10,fork,fork,5,forkes,7,,
pl104,11,cup,cup,5,a cup,5,,
pl104,12,gop,gop,5,a gop,5,,
pl104,13,tig,tig,5,a tig,5,,
pl104,14,cow,cow,5,a cow,5,,
pl104,15,nep,nep,5,a nep,5,,
pl104,16,cat,cat,5,a cat,5,,
pl107,p1,book,book,5,,,,
pl107,p2,chair,chair,5,,tells mom not to hold it,,
pl107,p3,coat,coat,5,,,,
pl107,p4,dog,dog,5,,,,
pl107,1,bug,bug.. a ladybug,5,a ladybug,5,,
pl107,2,mip,mip,5,mip,5,,
pl107,3,deg,deg,5,deg,5,,
pl107,4,frog,frog,5,frahg,5,,
pl107,5,nop,nop,5,nop,5,,
pl107,6,boat,boat,5,boat,5,,
pl107,7,kib,kib,5,kib,5,,
pl107,8,teb,teb,5,"teb, tab",5,,
pl107,9,plate,plate,5,plate,5,,
pl107,10,ant,ant,5,ants,8,,
pl107,11,pib,pib,5,a pib,5,,
pl107,12,dup,dup,5,dup,5,no no no don't touch it,
pl107,13,duck,duck,5,duck,5,,
pl107,14,spoon,spoon,5,a spoon,5,,
pl107,15,gip,gip,5,gip,5,,
pl107,16,egg,we can't carry egg because it's too big,5,eggs,8,,